/*
DROP TABLE tblDatGames;
DROP TABLE tblDatGoalScorers;
DROP TABLE tblJncTeamsDivs;
DROP TABLE tblJncRosters;
DROP TABLE tblDatPlayers;
DROP TABLE tblDatTeams;
DROP TABLE tblListDivisions;
DROP TABLE tblListLocations;
*/

/* Creation Script for Sportleagues */

CREATE TABLE tblListLocations (
    Locationid INT PRIMARY KEY, 
	locationname VARCHAR2(50) NOT NULL, 
	fieldlength INT CHECK (fieldLength BETWEEN 90 AND 110),
    isactive INT DEFAULT(1)
    );

CREATE TABLE tblListDivisions (
	divid INT, 
	divnameshort VARCHAR2(3), 
	divnamelong VARCHAR2(20), 
	isactive INT DEFAULT(1) NOT NULL, 
	Isdefault INT DEFAULT(0) NOT NULL, 
	displayorder INT DEFAULT 10,
    CONSTRAINT divs_id_pk 
        	     PRIMARY KEY (divid) 
   );
   
  
CREATE TABLE tblDatTeams (	
    teamid INT CHECK(teamID > 0), 
	teamnameshort VARCHAR(10) NOT NULL, 
	teamnamelong VARCHAR(25) NOT NULL, 
	Isactive INT DEFAULT(1) , 
	jerseycolour VARCHAR(10),
    CONSTRAINT teams_id_pk 
        	     PRIMARY KEY (teamid) 
   );
   
  CREATE TABLE tblDatPlayers (
    playerid INT PRIMARY KEY, 
	regnumber VARCHAR2(15) NOT NULL, 
	Namelast VARCHAR2(25) NOT NULL, 
	namefirst VARCHAR2(25) NOT NULL, 
	isactive INT DEFAULT(1)
   );
   
CREATE TABLE tblDatGames (
    gameid INTEGER GENERATED by default on null as IDENTITY(START with 1 INCREMENT by 1) PRIMARY KEY, 
	divid INT, 
	Gamenum INT, 
	gamedatetime DATE, 
	hometeam INT, 
	homescore INT, 
	visitteam INT, 
	visitscore INT, 
	locationid INT, 
	Isplayed INT, 
	notes VARCHAR2(50)
   ) ;
ALTER TABLE tblDatGames
	ADD CONSTRAINT games_div_fk FOREIGN KEY divid REFERENCES tbllistdivisions (divid);
/*ALTER TABLE tblDatGames
	ADD CONSTRAINT games_locs_fk FOREIGN KEY locationid REFERENCES tbllistlocations (locationid);*/
ALTER TABLE tblDatGames
	ADD CONSTRAINT games_hometeam_fk FOREIGN KEY hometeam REFERENCES tbldatteams (teamid);
ALTER TABLE tblDatGames
	ADD CONSTRAINT games_visitteam_fk FOREIGN KEY visitteam REFERENCES tbldatteams (teamid);


-- CREATE tblDatGoalScorers table
Prompt ******  Inserting Goal Scorers Records table ....

CREATE TABLE tblDatGoalScorers
(
    goalid integer GENERATED BY DEFAULT ON NULL AS IDENTITY PRIMARY KEY,
    gameid integer,
    playerid integer,
    teamid integer,
    numgoals integer DEFAULT (1),
    numassists integer DEFAULT 0
    );
ALTER TABLE tblDatGoalScorers
	ADD CONSTRAINT gs_games_fk FOREIGN KEY gameid REFERENCES tbldatgames(gameid);
ALTER TABLE tblDatGoalScorers
	ADD CONSTRAINT gs_teams_fk FOREIGN KEY teamid REFERENCES tbldatteams(teamid);
ALTER TABLE tblDatGoalScorers
	ADD CONSTRAINT gs_players_fk FOREIGN KEY playerid REFERENCES tbldatplayers(playerid);


CREATE TABLE tblJncRosters 
   (	rosterid INT GENERATED by default on null as IDENTITY(START with 1 INCREMENT by 1) PRIMARY KEY, 
	playerid INT, 
	teamid INT, 
	Isactive INT, 
	jerseynumber INT DEFAULT 0
   );
   -- ALTER
   -- ALTER
   
-- CREATE tblJncTeamsDivs table
CREATE TABLE tblJncTeamsDivs
(
    linkid integer GENERATED BY DEFAULT ON NULL AS IDENTITY PRIMARY KEY,
    teamid integer NOT NULL,
    divid integer NOT NULL,
    clinchedpo integer DEFAULT 0
);
-- ALTER 
-- ALTER

Prompt **********   Data insertion time *********** ....


-- INSERT division records
Prompt ******  Inserting DIVISIONS Records table ....
INSERT INTO tblListDivisions VALUES (28,'1st','Premier Division',1,1, 10);
INSERT INTO tblListDivisions VALUES (30,'PO','playoffs',1,0, 30);
INSERT INTO tblListDivisions VALUES (31,'CUP','SL Cup Tournament',1,0, 20);
COMMIT;

Prompt ******  Inserting LOCATIONS Records table ....
-- coming soon.....


--   PLAYERS  --
INSERT INTO tblDatPlayers VALUES (1302,30803,'Kelly','Brian', 1);
INSERT INTO tblDatPlayers VALUES (1303,80552,'Allan','Matt', 1);
INSERT INTO tblDatPlayers VALUES (1304,14496,'St.','Paul', 1);
INSERT INTO tblDatPlayers VALUES (1305,34495,'Donegan','Paul', 1);
INSERT INTO tblDatPlayers VALUES (1306,29191,'Thacker','Christopher', 1);
INSERT INTO tblDatPlayers VALUES (1307,10037,'Blekic','Mate', 1);
INSERT INTO tblDatPlayers VALUES (1308,55317,'Pappas','Terry', 1);
INSERT INTO tblDatPlayers VALUES (1309,55984,'Malatches','Leo', 1);
INSERT INTO tblDatPlayers VALUES (1310,66447,'Singleton','Dave', 1);
INSERT INTO tblDatPlayers VALUES (1311,37032,'Plecity','Mike', 1);
INSERT INTO tblDatPlayers VALUES (1312,60915,'Buck','Richard', 1);
INSERT INTO tblDatPlayers VALUES (1313,11950,'Christian','Bernard', 1);
INSERT INTO tblDatPlayers VALUES (1314,70046,'Lowe','Rob', 1);
INSERT INTO tblDatPlayers VALUES (1315,80663,'Fox','Steve', 1);
INSERT INTO tblDatPlayers VALUES (1316,15780,'Roe','Graham', 1);
INSERT INTO tblDatPlayers VALUES (1317,55918,'Dick','Steve', 1);
INSERT INTO tblDatPlayers VALUES (1318,40940,'Buckley','Shawn', 1);
INSERT INTO tblDatPlayers VALUES (1319,24855,'Hachey','Bruce', 1);
INSERT INTO tblDatPlayers VALUES (1320,99605,'Jahn','Dennis', 1);
INSERT INTO tblDatPlayers VALUES (1321,50512,'Kavanagh','John', 1);
INSERT INTO tblDatPlayers VALUES (1322,10437,'Schweighofer','Stephan', 1);
INSERT INTO tblDatPlayers VALUES (1323,29773,'Scott','Dave', 1);
INSERT INTO tblDatPlayers VALUES (1324,69637,'Stampar','Dennis', 1);
INSERT INTO tblDatPlayers VALUES (1325,37955,'Xuereb','Marc', 1);
INSERT INTO tblDatPlayers VALUES (1326,32344,'Rank','Jeff', 1);
INSERT INTO tblDatPlayers VALUES (1327,70795,'Cairns','Kevin', 1);
INSERT INTO tblDatPlayers VALUES (1328,64385,'Temple','Mark', 1);
INSERT INTO tblDatPlayers VALUES (1329,33149,'Novak','Steve', 1);
INSERT INTO tblDatPlayers VALUES (1330,56847,'Baljac','Mike', 1);
INSERT INTO tblDatPlayers VALUES (1332,71157,'MacDonald','Clint', 1);
INSERT INTO tblDatPlayers VALUES (1333,97975,'Commisso','Vince', 1);
INSERT INTO tblDatPlayers VALUES (1334,67344,'Fox','Todd', 1);
INSERT INTO tblDatPlayers VALUES (1335,22373,'Lorenzo','Iggy', 1);
INSERT INTO tblDatPlayers VALUES (1336,59989,'Bechthold','Mike', 1);
INSERT INTO tblDatPlayers VALUES (1346,89500,'Norris','Jeremy', 1);
INSERT INTO tblDatPlayers VALUES (1355,45892,'Stein','Luis', 1);
INSERT INTO tblDatPlayers VALUES (1357,39564,'Russel','Tyrel', 1);
INSERT INTO tblDatPlayers VALUES (1358,58075,'Beattie','Wade', 1);
INSERT INTO tblDatPlayers VALUES (1359,73604,'Andrulis','Stephen', 1);
INSERT INTO tblDatPlayers VALUES (1361,37484,'Dolinar','John', 1);
INSERT INTO tblDatPlayers VALUES (1362,44554,'Munn','Steve', 1);
INSERT INTO tblDatPlayers VALUES (1363,80806,'Sanchez','Jorge', 1);
INSERT INTO tblDatPlayers VALUES (1364,22346,'Schipper','Dan', 1);
INSERT INTO tblDatPlayers VALUES (1365,71432,'Troung','Coung', 1);
INSERT INTO tblDatPlayers VALUES (1368,73795,'Wry','Clayton', 1);
INSERT INTO tblDatPlayers VALUES (1369,92732,'Wry','Donald', 1);
INSERT INTO tblDatPlayers VALUES (1370,69477,'Wry','Michael', 1);
INSERT INTO tblDatPlayers VALUES (1371,31144,'Nickell','Michael', 1);
INSERT INTO tblDatPlayers VALUES (1372,66183,'Taranom','Afshin', 1);
INSERT INTO tblDatPlayers VALUES (1373,19220,'McDonald','Stephen', 1);
INSERT INTO tblDatPlayers VALUES (1374,66517,'Bell','Craig', 1);
INSERT INTO tblDatPlayers VALUES (1375,90785,'Caprara','Lou', 1);
INSERT INTO tblDatPlayers VALUES (1376,76047,'Choonoo','Graham', 1);
INSERT INTO tblDatPlayers VALUES (1377,25901,'Forbes','Paul', 1);
INSERT INTO tblDatPlayers VALUES (1378,90158,'Le','Minh', 1);
INSERT INTO tblDatPlayers VALUES (1379,44430,'LePard','Jacob', 1);
INSERT INTO tblDatPlayers VALUES (1380,54369,'Malthaner','Rolf', 1);
INSERT INTO tblDatPlayers VALUES (1381,83625,'Montengro','Sal', 1);
INSERT INTO tblDatPlayers VALUES (1382,45144,'Taylor','Derek', 1);
INSERT INTO tblDatPlayers VALUES (1384,28128,'Watty','Darryl', 1);
INSERT INTO tblDatPlayers VALUES (1385,34063,'Bisch','Ken', 1);
INSERT INTO tblDatPlayers VALUES (1387,42247,'Haley','Cameron', 1);
INSERT INTO tblDatPlayers VALUES (1389,97196,'Hessenthaler','Ralph', 1);
INSERT INTO tblDatPlayers VALUES (1390,25258,'Eddleston','Jamie', 1);
INSERT INTO tblDatPlayers VALUES (1391,59123,'Coi','Carlo', 1);
INSERT INTO tblDatPlayers VALUES (1393,37365,'Harper','Norm', 1);
INSERT INTO tblDatPlayers VALUES (1403,33278,'Payne','Calvin', 1);
INSERT INTO tblDatPlayers VALUES (1404,47888,'Hughes','Brian', 1);
INSERT INTO tblDatPlayers VALUES (1405,50369,'Stevenson','Kevin', 1);
INSERT INTO tblDatPlayers VALUES (1406,33248,'Smit','Michael', 1);
INSERT INTO tblDatPlayers VALUES (1407,73097,'Daniel','Neil', 1);
INSERT INTO tblDatPlayers VALUES (1408,87120,'Sergi','Paul', 1);
INSERT INTO tblDatPlayers VALUES (1409,80351,'Macleod','Scott', 1);
INSERT INTO tblDatPlayers VALUES (1410,36081,'Shute','Steve', 1);
INSERT INTO tblDatPlayers VALUES (1411,53281,'Taylor','Steve', 1);
INSERT INTO tblDatPlayers VALUES (1412,71558,'Hughes','Darren', 1);
INSERT INTO tblDatPlayers VALUES (1414,10160,'Giovinazzo','Dom', 1);
INSERT INTO tblDatPlayers VALUES (1415,85091,'Watson','Gary', 1);
INSERT INTO tblDatPlayers VALUES (1416,14916,'Senc','Joe', 1);
INSERT INTO tblDatPlayers VALUES (1418,97727,'Garcia','Luis', 1);
INSERT INTO tblDatPlayers VALUES (1419,22328,'Encina','Ed', 1);
INSERT INTO tblDatPlayers VALUES (1422,32542,'McDonald','Joel', 1);
INSERT INTO tblDatPlayers VALUES (1425,47257,'Mannella','Bruno', 1);
INSERT INTO tblDatPlayers VALUES (1426,69947,'Godoy','Jorge', 1);
INSERT INTO tblDatPlayers VALUES (1428,96656,'Malatches','Alec', 1);
INSERT INTO tblDatPlayers VALUES (1429,84985,'Husain','Ike', 1);
INSERT INTO tblDatPlayers VALUES (1430,61548,'Lamb','Chris', 1);
INSERT INTO tblDatPlayers VALUES (1431,64925,'Davis','Kevin', 1);
INSERT INTO tblDatPlayers VALUES (1437,16505,'Silva','Colin', 1);
INSERT INTO tblDatPlayers VALUES (1438,74538,'Choonoo','Craig', 1);
INSERT INTO tblDatPlayers VALUES (1448,90161,'Long','Chris', 1);
INSERT INTO tblDatPlayers VALUES (1450,71070,'Shin','William', 1);
INSERT INTO tblDatPlayers VALUES (1452,27298,'Vantyghem','Kevin', 1);
INSERT INTO tblDatPlayers VALUES (1458,70522,'Eickmeier','Darcy', 1);
INSERT INTO tblDatPlayers VALUES (1460,47949,'Kossler','Frank', 1);
INSERT INTO tblDatPlayers VALUES (1461,35656,'Prileznik','Robert', 1);
INSERT INTO tblDatPlayers VALUES (1465,14162,'Whitney','Joe', 1);
INSERT INTO tblDatPlayers VALUES (1492,34269,'Edmonds','Blair', 1);
INSERT INTO tblDatPlayers VALUES (1497,91250,'Mcleman','Craig', 1);
INSERT INTO tblDatPlayers VALUES (1500,92655,'Dolinar','Tom', 1);
INSERT INTO tblDatPlayers VALUES (1501,36037,'Moon','Jiwan', 1);
INSERT INTO tblDatPlayers VALUES (1541,44069,'Sweeney','Paul', 1);
INSERT INTO tblDatPlayers VALUES (1553,74385,'Mann','Thomas', 1);
INSERT INTO tblDatPlayers VALUES (1554,71229,'Hodzic','Admir', 1);
INSERT INTO tblDatPlayers VALUES (1583,74237,'Fatkin','Billy', 1);
INSERT INTO tblDatPlayers VALUES (1587,75865,'Capa','Nelson', 1);
INSERT INTO tblDatPlayers VALUES (1588,11873,'Manojlovich','Mike', 1);
INSERT INTO tblDatPlayers VALUES (1589,92998,'Payne','Lee', 1);
INSERT INTO tblDatPlayers VALUES (1596,81697,'VanBakel','Paul', 1);
INSERT INTO tblDatPlayers VALUES (1599,58138,'Caton','Jonathan', 1);
INSERT INTO tblDatPlayers VALUES (1604,90026,'emery','steve', 1);
INSERT INTO tblDatPlayers VALUES (1608,15682,'MacArthur','Brodie', 1);
INSERT INTO tblDatPlayers VALUES (1609,89299,'Bishop','Jerome', 1);
INSERT INTO tblDatPlayers VALUES (1610,87929,'Davis','Scott', 1);
INSERT INTO tblDatPlayers VALUES (1612,76793,'Balcazar','Henry', 1);
INSERT INTO tblDatPlayers VALUES (1613,76445,'Molina','Carlos', 1);
INSERT INTO tblDatPlayers VALUES (1615,96139,'Ljuijic','Andrei', 1);
INSERT INTO tblDatPlayers VALUES (1618,41496,'McConnell','Sean', 1);
INSERT INTO tblDatPlayers VALUES (1619,40457,'ANACLETO','RICHARD', 1);
INSERT INTO tblDatPlayers VALUES (1621,63344,'Hyjek','ERIC', 1);
INSERT INTO tblDatPlayers VALUES (1623,78895,'BUCHAL','DENNIS', 1);
INSERT INTO tblDatPlayers VALUES (1690,77959,'Oliver','Lance', 1);
INSERT INTO tblDatPlayers VALUES (1700,80632,'Glibota','Danny', 1);
INSERT INTO tblDatPlayers VALUES (1776,48064,'Fox','Brendan', 1);
INSERT INTO tblDatPlayers VALUES (1777,33224,'Fox','Alex', 1);
INSERT INTO tblDatPlayers VALUES (1781,73072,'Georgiou','John', 1);
INSERT INTO tblDatPlayers VALUES (1843,72301,'Jayenthiran','Jeevan', 1);
INSERT INTO tblDatPlayers VALUES (1848,26397,'Zrebiec','Jack', 1);
INSERT INTO tblDatPlayers VALUES (1851,64274,'Zrebiec','John', 1);
INSERT INTO tblDatPlayers VALUES (1896,76772,'El-Abbar','Yousef', 1);
INSERT INTO tblDatPlayers VALUES (1898,94224,'Black','Mike', 1);
INSERT INTO tblDatPlayers VALUES (1899,53286,'Mihelic','Daniel', 1);
INSERT INTO tblDatPlayers VALUES (1904,24032,'Greer','Mike', 1);
INSERT INTO tblDatPlayers VALUES (1918,22029,'Schatz','Michael', 1);
INSERT INTO tblDatPlayers VALUES (1920,56358,'Amaral','Carlos', 1);
INSERT INTO tblDatPlayers VALUES (1929,12958,'Balmforth','Paul', 1);
INSERT INTO tblDatPlayers VALUES (1993,99489,'Dragusin','Nelu', 1);
INSERT INTO tblDatPlayers VALUES (2003,86277,'Kents','Rob', 1);
INSERT INTO tblDatPlayers VALUES (2036,30429,'Kalviainen','Erik', 1);
INSERT INTO tblDatPlayers VALUES (2051,68764,'Hann','Andrew', 1);
INSERT INTO tblDatPlayers VALUES (2055,27937,'Khan','Fayez', 1);
INSERT INTO tblDatPlayers VALUES (2056,10901,'Brown','Shawn', 1);
INSERT INTO tblDatPlayers VALUES (2057,78379,'Barz','Brian', 1);
INSERT INTO tblDatPlayers VALUES (2058,78155,'Chase','Jason', 1);
INSERT INTO tblDatPlayers VALUES (2059,30941,'Luffman','Andrew', 1);
INSERT INTO tblDatPlayers VALUES (2060,58481,'Luffman','Ron', 1);
INSERT INTO tblDatPlayers VALUES (2061,53715,'Luffman','James', 1);
INSERT INTO tblDatPlayers VALUES (2062,28991,'Payne','Allan', 1);
INSERT INTO tblDatPlayers VALUES (2071,40692,'McTavish','Ian', 1);
INSERT INTO tblDatPlayers VALUES (2072,59180,'Bean','Bill', 1);
INSERT INTO tblDatPlayers VALUES (2074,88463,'Tyrrell','Paul', 1);
INSERT INTO tblDatPlayers VALUES (2076,25253,'ZEHR','Chris', 1);
INSERT INTO tblDatPlayers VALUES (2077,10587,'Bediz','Mehmet', 1);
INSERT INTO tblDatPlayers VALUES (2079,88642,'AKGOL','Selcuk', 1);
INSERT INTO tblDatPlayers VALUES (2082,55039,'JOLLY','Drew', 1);
INSERT INTO tblDatPlayers VALUES (2083,20893,'GU-KONU','Ruben', 1);
INSERT INTO tblDatPlayers VALUES (2084,75360,'GRECCO','Jeff', 1);
INSERT INTO tblDatPlayers VALUES (2085,38485,'ANTONIOU','Louie', 1);
INSERT INTO tblDatPlayers VALUES (2087,58719,'MACKAY','Steve', 1);
INSERT INTO tblDatPlayers VALUES (2089,20785,'Braga','Steve', 1);
INSERT INTO tblDatPlayers VALUES (2090,60047,'Kraut','Stefan', 1);
INSERT INTO tblDatPlayers VALUES (2091,93184,'English','Chris', 1);
INSERT INTO tblDatPlayers VALUES (2092,15908,'Dhaliwal','Lucky', 1);
INSERT INTO tblDatPlayers VALUES (2095,64289,'Good','Jeff', 1);
INSERT INTO tblDatPlayers VALUES (2096,84937,'Santoro','Tony', 1);
INSERT INTO tblDatPlayers VALUES (2104,84982,'Khan','Ibad', 1);
INSERT INTO tblDatPlayers VALUES (2112,29277,'Onsen','Flav', 1);
INSERT INTO tblDatPlayers VALUES (2178,32618,'CROCKETT','Matthew', 1);
INSERT INTO tblDatPlayers VALUES (2181,92766,'DEBACKER','Dave', 1);
INSERT INTO tblDatPlayers VALUES (2182,75395,'DILWORTH','Glenn', 1);
INSERT INTO tblDatPlayers VALUES (2184,75552,'HEPPLEWHITE','Rob', 1);
INSERT INTO tblDatPlayers VALUES (2185,34830,'KATONA','Peter', 1);
INSERT INTO tblDatPlayers VALUES (2189,31232,'SHERIFALI','Bilhan', 1);
INSERT INTO tblDatPlayers VALUES (2213,20825,'FOY','Shaun', 1);
INSERT INTO tblDatPlayers VALUES (2248,16157,'Balmforth','Matthew', 1);
INSERT INTO tblDatPlayers VALUES (2251,71733,'Olinski','Jason', 1);
INSERT INTO tblDatPlayers VALUES (2253,89371,'Aarons','Cory', 1);
INSERT INTO tblDatPlayers VALUES (61820,45892,'Vasquez','Eddy', 1);
INSERT INTO tblDatPlayers VALUES (65522,36982,'Lovett','Andrew', 1);
INSERT INTO tblDatPlayers VALUES (123520,96121,'Stranz','Brandon', 1);
INSERT INTO tblDatPlayers VALUES (206198,10119,'Inojoza Sr.','Leonardo', 1);
INSERT INTO tblDatPlayers VALUES (207432,35590,'Villar','Rodrigo', 1);
INSERT INTO tblDatPlayers VALUES (208666,75347,'VanRooy','Scott', 1);
INSERT INTO tblDatPlayers VALUES (222240,50836,'Racco','Domenic', 1);
INSERT INTO tblDatPlayers VALUES (229644,85699,'Machado','Vic', 1);
INSERT INTO tblDatPlayers VALUES (240750,10992,'Mulloy','Darren', 1);
INSERT INTO tblDatPlayers VALUES (248154,31059,'DeSousa','Allan', 1);
INSERT INTO tblDatPlayers VALUES (249388,37684,'Kalau','Ian', 1);
INSERT INTO tblDatPlayers VALUES (250622,34609,'Herrold','Alex', 1);
INSERT INTO tblDatPlayers VALUES (251856,21409,'Gaspar','Anthony', 1);
INSERT INTO tblDatPlayers VALUES (262962,44330,'Jaskolka','Jeff', 1);
INSERT INTO tblDatPlayers VALUES (272834,73361,'Costa','John', 1);
INSERT INTO tblDatPlayers VALUES (288876,64776,'Arrojado','John', 1);
INSERT INTO tblDatPlayers VALUES (290110,75752,'Bartolo','Joe', 1);
INSERT INTO tblDatPlayers VALUES (291344,21192,'Chaves','Allan', 1);
INSERT INTO tblDatPlayers VALUES (292578,49024,'Demars','Henri', 1);
INSERT INTO tblDatPlayers VALUES (293812,26658,'Gomes','Gil', 1);
INSERT INTO tblDatPlayers VALUES (295046,36038,'Heath','Troy', 1);
INSERT INTO tblDatPlayers VALUES (296280,61033,'Iannitelli','Gianni', 1);
INSERT INTO tblDatPlayers VALUES (297514,31924,'Jamieson','Steve', 1);
INSERT INTO tblDatPlayers VALUES (298748,96399,'Krause','Mike', 1);
INSERT INTO tblDatPlayers VALUES (299982,80944,'Leto','Michael', 1);
INSERT INTO tblDatPlayers VALUES (301216,31132,'Melo','Paul', 1);
INSERT INTO tblDatPlayers VALUES (302450,54692,'Melo','Terry', 1);
INSERT INTO tblDatPlayers VALUES (303684,11069,'Murillo','Edwin', 1);
INSERT INTO tblDatPlayers VALUES (304918,25397,'Pilkington','Matt', 1);
INSERT INTO tblDatPlayers VALUES (306152,59526,'Racco','Peter', 1);
INSERT INTO tblDatPlayers VALUES (308620,46120,'Racco','Stefano', 1);
INSERT INTO tblDatPlayers VALUES (309854,57292,'Sapateiro','John', 1);
INSERT INTO tblDatPlayers VALUES (311088,72889,'Stan','Marius', 1);
INSERT INTO tblDatPlayers VALUES (314790,56908,'Albastaki','Khalid', 1);
INSERT INTO tblDatPlayers VALUES (316024,47690,'Draijer','Cormelis', 1);
INSERT INTO tblDatPlayers VALUES (317258,15516,'Ferraro','Mike', 1);
INSERT INTO tblDatPlayers VALUES (318492,76726,'Martin','Robert', 1);
INSERT INTO tblDatPlayers VALUES (319726,14016,'Stockdale','David', 1);
INSERT INTO tblDatPlayers VALUES (320960,77776,'Timbo','Abdulaziz', 1);
INSERT INTO tblDatPlayers VALUES (355512,56496,'Zgraja','Nick', 1);
INSERT INTO tblDatPlayers VALUES (356746,89315,'Ramcharan','Ashton', 1);
INSERT INTO tblDatPlayers VALUES (357980,53878,'Campbell','Brett', 1);
INSERT INTO tblDatPlayers VALUES (359214,86171,'Anacleto','Paul', 1);
INSERT INTO tblDatPlayers VALUES (361682,30185,'Bain','Steffan', 1);
INSERT INTO tblDatPlayers VALUES (362916,65779,'Brincovan','Daniel', 1);
INSERT INTO tblDatPlayers VALUES (364150,36008,'Kadarian','Daniel', 1);
INSERT INTO tblDatPlayers VALUES (365384,22759,'Lettress','Dave', 1);
INSERT INTO tblDatPlayers VALUES (366618,13863,'O''Brian','Chris', 1);
INSERT INTO tblDatPlayers VALUES (367852,67221,'Stanley','Derek', 1);
INSERT INTO tblDatPlayers VALUES (369086,72089,'Domingues','Bruno', 1);
INSERT INTO tblDatPlayers VALUES (370320,97528,'Czajko','Mike', 1);
INSERT INTO tblDatPlayers VALUES (371554,99218,'Maidment','Joel', 1);
INSERT INTO tblDatPlayers VALUES (372788,45077,'Clamp','Mike', 1);
INSERT INTO tblDatPlayers VALUES (374022,38879,'Clamp','Daniel', 1);
INSERT INTO tblDatPlayers VALUES (375256,82775,'Reid','Sean', 1);
INSERT INTO tblDatPlayers VALUES (376490,24007,'Dan ','Weber', 1);
INSERT INTO tblDatPlayers VALUES (377724,37235,'Celli','Lou', 1);
INSERT INTO tblDatPlayers VALUES (378958,26890,'Campbell','Jason', 1);
INSERT INTO tblDatPlayers VALUES (381426,59361,'Callaghan','Johnston', 1);
INSERT INTO tblDatPlayers VALUES (382660,53643,'BOURGOIN','Rino', 1);
INSERT INTO tblDatPlayers VALUES (383894,23219,'DICKERT','Jeffery', 1);
INSERT INTO tblDatPlayers VALUES (385128,47054,'Hughes','Dave', 1);
INSERT INTO tblDatPlayers VALUES (386362,78929,'SCHALM','Andrew', 1);
INSERT INTO tblDatPlayers VALUES (387596,34329,'Alves','Anthony', 1);
INSERT INTO tblDatPlayers VALUES (388830,90006,'Balbach','Frank', 1);
INSERT INTO tblDatPlayers VALUES (390064,25793,'Caceros','Byron', 1);
INSERT INTO tblDatPlayers VALUES (391298,41477,'Martinez','Andy', 1);
INSERT INTO tblDatPlayers VALUES (392532,15044,'McDermott','Ian', 1);
INSERT INTO tblDatPlayers VALUES (393766,50641,'McDonald','John', 1);
INSERT INTO tblDatPlayers VALUES (395000,10713,'Caal','Juan', 1);
INSERT INTO tblDatPlayers VALUES (396234,69622,'Rakanovic','Michael', 1);
INSERT INTO tblDatPlayers VALUES (397468,47717,'Simpson','David', 1);
INSERT INTO tblDatPlayers VALUES (398702,65399,'Smith','Ronan', 1);
INSERT INTO tblDatPlayers VALUES (399936,56724,'Misheal','Ehab', 1);
INSERT INTO tblDatPlayers VALUES (401170,96499,'Scarrow','Keegan', 1);
INSERT INTO tblDatPlayers VALUES (406106,81718,'Carr','Andrew', 1);
INSERT INTO tblDatPlayers VALUES (418446,38540,'Proper','Nathan', 1);
INSERT INTO tblDatPlayers VALUES (420914,25451,'Vilandre','Chris', 1);
INSERT INTO tblDatPlayers VALUES (433254,68679,'Welshman','Elon', 1);
INSERT INTO tblDatPlayers VALUES (491252,82886,'West','Shawn', 1);
INSERT INTO tblDatPlayers VALUES (573930,16913,'Johnson','Mario', 1);
INSERT INTO tblDatPlayers VALUES (686224,54380,'Damen','Jacob', 1);
INSERT INTO tblDatPlayers VALUES (687458,97738,'Ndoli','Richard', 1);
INSERT INTO tblDatPlayers VALUES (688692,60924,'Paez','Jorge', 1);
INSERT INTO tblDatPlayers VALUES (749158,65224,'Campbell','Mitchell', 1);
INSERT INTO tblDatPlayers VALUES (751626,77125,'McCrae','Rob', 1);
INSERT INTO tblDatPlayers VALUES (752860,42210,'Vella','Charlie', 1);
INSERT INTO tblDatPlayers VALUES (802220,37323,'MacArthur','Corey', 1);
INSERT INTO tblDatPlayers VALUES (814560,74403,'Smarandache','Andrei', 1);
INSERT INTO tblDatPlayers VALUES (815794,13563,'Scott','Damian', 1);
INSERT INTO tblDatPlayers VALUES (855282,51768,'Cummings','Garrett', 1);
INSERT INTO tblDatPlayers VALUES (858984,36250,'Holmes','Nicholas', 1);
INSERT INTO tblDatPlayers VALUES (860218,40901,'Jones','David', 1);
INSERT INTO tblDatPlayers VALUES (863920,91430,'Mino','Eric', 1);
INSERT INTO tblDatPlayers VALUES (865154,43206,'Mortaley','Joshua', 1);
INSERT INTO tblDatPlayers VALUES (866388,69980,'Plommer','Nicholas', 1);
INSERT INTO tblDatPlayers VALUES (867622,69524,'Potter','Ross', 1);
INSERT INTO tblDatPlayers VALUES (868856,76570,'Singh','Jagdeep', 1);
INSERT INTO tblDatPlayers VALUES (870090,62909,'Stewart','Jamie', 1);
INSERT INTO tblDatPlayers VALUES (871324,17902,'Umana','Rodrigo', 1);
INSERT INTO tblDatPlayers VALUES (873792,23288,'Watt','Craig', 1);
INSERT INTO tblDatPlayers VALUES (875026,55889,'Zolnierczyk','Jessy', 1);
INSERT INTO tblDatPlayers VALUES (877494,66479,'Tran','Neil', 1);
INSERT INTO tblDatPlayers VALUES (882430,54790,'Georgopoulos','Paul', 1);
INSERT INTO tblDatPlayers VALUES (884898,67194,'Kolbas','Aleksandar', 1);
INSERT INTO tblDatPlayers VALUES (889834,23205,'Masters','Royan', 1);
INSERT INTO tblDatPlayers VALUES (892302,10948,'Oancea','Ion', 1);
INSERT INTO tblDatPlayers VALUES (893536,22527,'Pasc','Alin', 1);
INSERT INTO tblDatPlayers VALUES (896004,40324,'Savu','Daniel', 1);
INSERT INTO tblDatPlayers VALUES (899706,33520,'Tsatsas','Ilias', 1);
INSERT INTO tblDatPlayers VALUES (926854,41994,'Adams','Shevon', 1);
INSERT INTO tblDatPlayers VALUES (929322,61380,'Ballantyne','Jordan', 1);
INSERT INTO tblDatPlayers VALUES (933024,94173,'Blackler','Rory', 1);
INSERT INTO tblDatPlayers VALUES (934258,21478,'Donnelly','Keith', 1);
INSERT INTO tblDatPlayers VALUES (935492,25932,'Dunseith','Jason', 1);
INSERT INTO tblDatPlayers VALUES (937960,53588,'Lanza','Joey', 1);
INSERT INTO tblDatPlayers VALUES (941662,59717,'Schuler','Andy', 1);
INSERT INTO tblDatPlayers VALUES (944130,83304,'Seddon','Sam', 1);
INSERT INTO tblDatPlayers VALUES (946598,13647,'Sloane','Jeremy', 1);
INSERT INTO tblDatPlayers VALUES (950300,31102,'Wienecke','Mattias', 1);
INSERT INTO tblDatPlayers VALUES (963874,37888,'Hodges','Marc', 1);
INSERT INTO tblDatPlayers VALUES (1000894,17549,'Clayford','Jason', 1);
INSERT INTO tblDatPlayers VALUES (1003362,20054,'Gouk','Alan', 1);
INSERT INTO tblDatPlayers VALUES (1019404,85671,'Antolcic','Richie', 1);
INSERT INTO tblDatPlayers VALUES (1032978,11171,'Markovic','Denis', 1);
INSERT INTO tblDatPlayers VALUES (1090976,86685,'Mistry','Rakesh', 1);
INSERT INTO tblDatPlayers VALUES (1241524,44065,'Misuraca','Colin', 1);
INSERT INTO tblDatPlayers VALUES (1243992,27114,'Banda','Christopher', 1);
INSERT INTO tblDatPlayers VALUES (1246460,64612,'Greene','Kyle', 1);
INSERT INTO tblDatPlayers VALUES (1300756,32298,'Lange','Phil', 1);
INSERT INTO tblDatPlayers VALUES (1341478,21918,'Sousa','Jeffrey', 1);
INSERT INTO tblDatPlayers VALUES (1343946,31448,'Newton','Jonathan', 1);
INSERT INTO tblDatPlayers VALUES (1345180,20079,'Goulet','Josh', 1);
INSERT INTO tblDatPlayers VALUES (1346414,58783,'Melo','Kyle', 1);
INSERT INTO tblDatPlayers VALUES (1347648,81672,'Melo','Wesly', 1);
INSERT INTO tblDatPlayers VALUES (1348882,71588,'Halford','Gavin', 1);
INSERT INTO tblDatPlayers VALUES (1350116,53562,'Resendes','Kyle', 1);
INSERT INTO tblDatPlayers VALUES (1371094,50099,'Marcos','Steve', 1);
INSERT INTO tblDatPlayers VALUES (1372328,23258,'Hernandez','Jorge', 1);
INSERT INTO tblDatPlayers VALUES (1373562,45007,'Mohsenzadeh','Mohammad', 1);
INSERT INTO tblDatPlayers VALUES (1374796,33739,'Nyland','Jason', 1);
INSERT INTO tblDatPlayers VALUES (1376030,62829,'Stoia','Laurentiu', 1);
INSERT INTO tblDatPlayers VALUES (1377264,63968,'Wittig','Brad', 1);
INSERT INTO tblDatPlayers VALUES (1378498,65629,'Popescu','Mircea', 1);
INSERT INTO tblDatPlayers VALUES (1379732,21284,'Perreria','Manny', 1);
INSERT INTO tblDatPlayers VALUES (1380966,78581,'Hodzic','Admir', 1);
INSERT INTO tblDatPlayers VALUES (1382200,84194,'Zaleta','Daniel', 1);
INSERT INTO tblDatPlayers VALUES (1384668,22816,'Hayle','Jordan', 1);
INSERT INTO tblDatPlayers VALUES (1385902,29507,'Maxwell','Jade', 1);
INSERT INTO tblDatPlayers VALUES (1387136,70389,'Palmer','Cory', 1);
INSERT INTO tblDatPlayers VALUES (1388370,63339,'Catalan','Jody', 1);
INSERT INTO tblDatPlayers VALUES (1389604,65685,'Duchesne','Chad', 1);
INSERT INTO tblDatPlayers VALUES (1390838,45405,'Bailey','Shawn', 1);
INSERT INTO tblDatPlayers VALUES (1392072,48115,'Mendes','Steve', 1);
INSERT INTO tblDatPlayers VALUES (1394540,13368,'Preikschas','Nick', 1);
INSERT INTO tblDatPlayers VALUES (1401944,81219,'Luffman','Andrew', 1);
INSERT INTO tblDatPlayers VALUES (1487090,17809,'Schuler','Mike', 1);
INSERT INTO tblDatPlayers VALUES (1503132,30778,'Wiens','Mark', 1);
INSERT INTO tblDatPlayers VALUES (1504366,25985,'Woodman','Mark', 1);
INSERT INTO tblDatPlayers VALUES (1505600,10950,'Cerri','Daniele', 1);
INSERT INTO tblDatPlayers VALUES (1530280,50037,'Battistone','Anthony', 1);
INSERT INTO tblDatPlayers VALUES (1585810,62776,'Harrison','Ryan', 1);
INSERT INTO tblDatPlayers VALUES (1589512,12634,'Blackler','Rory', 1);
INSERT INTO tblDatPlayers VALUES (1599384,45509,'Dechert','Jeremy', 1);
INSERT INTO tblDatPlayers VALUES (1600618,40649,'Schuler  ','Mike', 1);
INSERT INTO tblDatPlayers VALUES (1625298,35124,'Boswarva','Goron', 1);
INSERT INTO tblDatPlayers VALUES (1626532,55582,'MacDonald','Dave', 1);
INSERT INTO tblDatPlayers VALUES (1627766,85132,'Palmer','Corey', 1);
INSERT INTO tblDatPlayers VALUES (1629000,13845,'Van den Heede','Spencer', 1);
INSERT INTO tblDatPlayers VALUES (1630234,67652,'Moore','Kyle', 1);
INSERT INTO tblDatPlayers VALUES (1631468,89942,'Balona','Andy', 1);
INSERT INTO tblDatPlayers VALUES (1632702,86365,'Cooper','Tian', 1);
INSERT INTO tblDatPlayers VALUES (1633936,72327,'Marshall','Tyler', 1);
INSERT INTO tblDatPlayers VALUES (1635170,90508,'Balona','Ariel', 1);
INSERT INTO tblDatPlayers VALUES (1636404,82297,'Balona','Marcel', 1);
INSERT INTO tblDatPlayers VALUES (1637638,39196,'Pham','Leon', 1);
INSERT INTO tblDatPlayers VALUES (1638872,85351,'Polanco','Ricky', 1);
INSERT INTO tblDatPlayers VALUES (1640106,29516,'Polanco','Mike', 1);
INSERT INTO tblDatPlayers VALUES (1641340,70602,'Keilic','Jason', 1);
INSERT INTO tblDatPlayers VALUES (1642574,82180,'Willigenburg','Mike', 1);
INSERT INTO tblDatPlayers VALUES (1643808,92980,'Inthasian','Aap', 1);
INSERT INTO tblDatPlayers VALUES (1695636,50835,'Kubura','Boris', 1);
INSERT INTO tblDatPlayers VALUES (1696870,45942,'Kubura','Igor', 1);
INSERT INTO tblDatPlayers VALUES (1698104,93904,'Jovanovic','Nenad', 1);
INSERT INTO tblDatPlayers VALUES (1699338,95727,'Mandzarevic','Boris', 1);
INSERT INTO tblDatPlayers VALUES (1700572,92486,'Jovanovic','Mladen', 1);
INSERT INTO tblDatPlayers VALUES (1701806,88044,'Djokovic','Bojan', 1);
INSERT INTO tblDatPlayers VALUES (1703040,37548,'Jarvis','Mike', 1);
INSERT INTO tblDatPlayers VALUES (1704274,96557,'Krstic','Jovan', 1);
INSERT INTO tblDatPlayers VALUES (1705508,95656,'Davidovic','Smiljan', 1);
INSERT INTO tblDatPlayers VALUES (1706742,80590,'Vujic','Smiljan', 1);
INSERT INTO tblDatPlayers VALUES (1707976,92019,'Despotovic','Alexsndar', 1);
INSERT INTO tblDatPlayers VALUES (1709210,13120,'Rosic','Srdjan', 1);
INSERT INTO tblDatPlayers VALUES (1710444,80438,'Marin','Daniel', 1);
INSERT INTO tblDatPlayers VALUES (1711678,12128,'','Rayan', 1);
INSERT INTO tblDatPlayers VALUES (1726486,37276,'Hayle  ','Jordan', 1);
INSERT INTO tblDatPlayers VALUES (1730188,38607,'Stanivuk','Zeljko', 1);
INSERT INTO tblDatPlayers VALUES (1743762,87996,'Antolcic','Steve', 1);
INSERT INTO tblDatPlayers VALUES (1746230,54100,'Pavic','Sasha', 1);
INSERT INTO tblDatPlayers VALUES (1761038,35735,'Sadowski','Marcin', 1);
INSERT INTO tblDatPlayers VALUES (1786952,91610,'Vujadinovic','Aco', 1);
INSERT INTO tblDatPlayers VALUES (1788186,85438,'Ljujic','Sinisa', 1);
INSERT INTO tblDatPlayers VALUES (1789420,17966,'Inthasian','Phucarrd', 1);
INSERT INTO tblDatPlayers VALUES (1809164,88357,'Thomson','Wesley', 1);
INSERT INTO tblDatPlayers VALUES (1815334,37490,'Filipe','Hugo', 1);
INSERT INTO tblDatPlayers VALUES (1819036,54356,'Moore','Cory', 1);
INSERT INTO tblDatPlayers VALUES (1820270,28708,'Pecarski','Nick', 1);
INSERT INTO tblDatPlayers VALUES (1821504,49247,'Schaefer','Steven', 1);
INSERT INTO tblDatPlayers VALUES (1822738,99013,'Kohler','Brandon', 1);
INSERT INTO tblDatPlayers VALUES (1840014,32901,'Al-Sheikhly','Omar', 1);
INSERT INTO tblDatPlayers VALUES (1842482,79055,'Kopilas','Mirko', 1);
INSERT INTO tblDatPlayers VALUES (1868396,41573,'Ficic','Afrim', 1);
INSERT INTO tblDatPlayers VALUES (1875800,72650,'Smith','Dave', 1);
INSERT INTO tblDatPlayers VALUES (1900480,31482,'Knezevic','Dalibor', 1);
INSERT INTO tblDatPlayers VALUES (1918990,78038,'Medon','Artur', 1);
INSERT INTO tblDatPlayers VALUES (1937500,10471,'De Leon','Eddy', 1);
INSERT INTO tblDatPlayers VALUES (1953542,38558,'Nida','Biruk', 1);
INSERT INTO tblDatPlayers VALUES (1954776,90683,'Carcamo','Brandon', 1);
INSERT INTO tblDatPlayers VALUES (1959712,23929,'Hallgrimson','Zachary', 1);
INSERT INTO tblDatPlayers VALUES (1960946,71731,'Hallgrimson','Stefan', 1);
INSERT INTO tblDatPlayers VALUES (1962180,69918,'Weersink','Brian', 1);
INSERT INTO tblDatPlayers VALUES (1963414,26667,'Madden','Garreth', 1);
INSERT INTO tblDatPlayers VALUES (1967116,56913,'Cantin','Matt', 1);
INSERT INTO tblDatPlayers VALUES (1978222,55757,'Mali','Darius', 1);
INSERT INTO tblDatPlayers VALUES (1983158,34447,'Beech','Sean', 1);
INSERT INTO tblDatPlayers VALUES (1985626,79908,'Willmore','Jamie', 1);
INSERT INTO tblDatPlayers VALUES (1986860,86174,'Buxton','G-Kyle', 1);
INSERT INTO tblDatPlayers VALUES (1993030,92239,'Mihelic','Dan', 1);
INSERT INTO tblDatPlayers VALUES (1994264,50281,'Knox','Miguel', 1);
INSERT INTO tblDatPlayers VALUES (2001668,45431,'Jiminez','Andreas', 1);
INSERT INTO tblDatPlayers VALUES (2002902,30708,'Patros','Deni ', 1);
INSERT INTO tblDatPlayers VALUES (2004136,81147,'Kam','Ryan', 1);
INSERT INTO tblDatPlayers VALUES (2005370,35514,'Canning','Peter', 1);
INSERT INTO tblDatPlayers VALUES (2006604,34558,'Dubon','Jorge', 1);
INSERT INTO tblDatPlayers VALUES (2007838,18561,'Lowndes','A J', 1);
INSERT INTO tblDatPlayers VALUES (2009072,37027,'Lodder','Cameron', 1);
INSERT INTO tblDatPlayers VALUES (2010306,77778,'Nienhuis','Scott', 1);
INSERT INTO tblDatPlayers VALUES (2011540,82104,'Smith','Malcolm', 1);
INSERT INTO tblDatPlayers VALUES (2012774,59630,'Lampkin','Nolan', 1);
INSERT INTO tblDatPlayers VALUES (2014008,37781,'Atienza','Ryan', 1);
INSERT INTO tblDatPlayers VALUES (2015242,24401,'Mackay','Coray', 1);
INSERT INTO tblDatPlayers VALUES (2016476,57736,'Bytyqi','Fidan', 1);
INSERT INTO tblDatPlayers VALUES (2017710,77319,'Portela','Dave', 1);
INSERT INTO tblDatPlayers VALUES (2020178,54901,'Andrade','Kevin', 1);
INSERT INTO tblDatPlayers VALUES (2021412,74866,'Pereira','Ryan', 1);
INSERT INTO tblDatPlayers VALUES (2025114,36960,'Desantis','Luca', 1);
INSERT INTO tblDatPlayers VALUES (2027582,67726,'Railac','Djordje', 1);
INSERT INTO tblDatPlayers VALUES (2054730,24772,'Araque','Carlos (Felipe)', 1);
INSERT INTO tblDatPlayers VALUES (2055964,59280,'Arnold','Richard', 1);
INSERT INTO tblDatPlayers VALUES (2060900,66922,'Ditchfield','Shane', 1);
INSERT INTO tblDatPlayers VALUES (2062134,77915,'Govanis','Jim', 1);
INSERT INTO tblDatPlayers VALUES (2063368,25096,'Herbut','Ivan', 1);
INSERT INTO tblDatPlayers VALUES (2065836,73650,'Juhik','Zvonko', 1);
INSERT INTO tblDatPlayers VALUES (2067070,59974,'Kuntz','Steven', 1);
INSERT INTO tblDatPlayers VALUES (2068304,45643,'Langille','Aaron', 1);
INSERT INTO tblDatPlayers VALUES (2069538,14466,'Mcinnes','Brian', 1);
INSERT INTO tblDatPlayers VALUES (2073240,38565,'Privatt','Scott', 1);
INSERT INTO tblDatPlayers VALUES (2074474,86893,'Semeniuk','Paul', 1);
INSERT INTO tblDatPlayers VALUES (2076942,86245,'Williams','Chris', 1);
INSERT INTO tblDatPlayers VALUES (2078176,28832,'Williams','Brandon', 1);
INSERT INTO tblDatPlayers VALUES (2084346,96100,'Alves','Antonio', 1);
INSERT INTO tblDatPlayers VALUES (2086814,91799,'Araujo','Keith', 1);
INSERT INTO tblDatPlayers VALUES (2088048,13179,'Avalos','Carlos', 1);
INSERT INTO tblDatPlayers VALUES (2090516,25431,'Demartin','Matthew', 1);
INSERT INTO tblDatPlayers VALUES (2091750,41083,'Frank','Robbie', 1);
INSERT INTO tblDatPlayers VALUES (2092984,35818,'Hart','Tyler', 1);
INSERT INTO tblDatPlayers VALUES (2094218,71413,'Jiminez','Victor', 1);
INSERT INTO tblDatPlayers VALUES (2095452,97997,'Jovanovic','Nenad', 1);
INSERT INTO tblDatPlayers VALUES (2096686,45952,'Jovicic','Vladen', 1);
INSERT INTO tblDatPlayers VALUES (2097920,21018,'Koolen','Theo', 1);
INSERT INTO tblDatPlayers VALUES (2099154,29284,'Melo','Nelson', 1);
INSERT INTO tblDatPlayers VALUES (2100388,32478,'Osmansoy','Osman', 1);
INSERT INTO tblDatPlayers VALUES (2101622,90079,'Sonzsole','Andew', 1);
INSERT INTO tblDatPlayers VALUES (2102856,21205,'Sherifali','Levent', 1);
INSERT INTO tblDatPlayers VALUES (2104090,21398,'Sousa','Chris', 1);
INSERT INTO tblDatPlayers VALUES (2105324,99992,'Stainton','Eric', 1);
INSERT INTO tblDatPlayers VALUES (2106558,41706,'Swierczynski','Patrick', 1);
INSERT INTO tblDatPlayers VALUES (2107792,91758,'Veiga','Jordan', 1);
INSERT INTO tblDatPlayers VALUES (2109026,61055,'Veiga','Josh', 1);
INSERT INTO tblDatPlayers VALUES (2110260,44510,'Vidovic','Mladen', 1);
INSERT INTO tblDatPlayers VALUES (2111494,36890,'Wayland','Jonathan', 1);
INSERT INTO tblDatPlayers VALUES (2115196,92303,'Pinto','Alex', 1);
INSERT INTO tblDatPlayers VALUES (2121366,96001,'Jerome','Dean', 1);
INSERT INTO tblDatPlayers VALUES (2122600,86412,'Jurcic','Adam', 1);
INSERT INTO tblDatPlayers VALUES (2123834,28213,'Kalaminec','Dominik', 1);
INSERT INTO tblDatPlayers VALUES (2126302,44104,'Potvin','John', 1);
INSERT INTO tblDatPlayers VALUES (2130004,12814,'Smit','Jonathan', 1);
INSERT INTO tblDatPlayers VALUES (2131238,60550,'Osario','Eric', 1);
INSERT INTO tblDatPlayers VALUES (2133706,50581,'Radosevic','Aleksandar', 1);
INSERT INTO tblDatPlayers VALUES (2138642,41193,'Guy','Justin', 1);
INSERT INTO tblDatPlayers VALUES (2141110,41564,'Zrebiec','John', 1);
INSERT INTO tblDatPlayers VALUES (2143578,45514,'Bailey SC','Kurtis', 1);
INSERT INTO tblDatPlayers VALUES (2144812,77251,'McKay','Drew', 1);
INSERT INTO tblDatPlayers VALUES (2146046,96601,'Inthasian','Aap', 1);
INSERT INTO tblDatPlayers VALUES (2153450,36979,'Mroczkowski','Christian', 1);
INSERT INTO tblDatPlayers VALUES (2155918,21601,'Zrebiec','Adam', 1);
INSERT INTO tblDatPlayers VALUES (2159620,82966,'Foubert Tekrenault','Zac', 1);
INSERT INTO tblDatPlayers VALUES (2160854,52760,'Schein','Trevor', 1);
INSERT INTO tblDatPlayers VALUES (2162088,94979,'Sidiki','Ismael', 1);
INSERT INTO tblDatPlayers VALUES (2170726,44628,'Martinez','Alberto', 1);
INSERT INTO tblDatPlayers VALUES (2175662,48759,'Atwal','Rajwinder', 1);
INSERT INTO tblDatPlayers VALUES (2176896,96302,'Brudiu','Stefan', 1);
INSERT INTO tblDatPlayers VALUES (2178130,60337,'Chmura','Donald', 1);
INSERT INTO tblDatPlayers VALUES (2179364,84283,'Ahmed','Bendaya', 1);
INSERT INTO tblDatPlayers VALUES (2180598,22347,'DeSerpa','Darrell', 1);
INSERT INTO tblDatPlayers VALUES (2181832,62349,'Djokovic','Bojan', 1);
INSERT INTO tblDatPlayers VALUES (2183066,56034,'FaubertTetreault','Zachary', 1);
INSERT INTO tblDatPlayers VALUES (2184300,42533,'Gomes','Chris', 1);
INSERT INTO tblDatPlayers VALUES (2185534,61301,'Jovanovic','Mladen', 1);
INSERT INTO tblDatPlayers VALUES (2186768,25849,'Jovicic','Vladan', 1);
INSERT INTO tblDatPlayers VALUES (2188002,28443,'Lange','Philipp', 1);
INSERT INTO tblDatPlayers VALUES (2189236,16569,'Lowry','Shane', 1);
INSERT INTO tblDatPlayers VALUES (2190470,78997,'Melo','Nelson', 1);
INSERT INTO tblDatPlayers VALUES (2191704,61926,'Radosevic','Aleksander', 1);
INSERT INTO tblDatPlayers VALUES (2192938,28787,'Ribeiro','Marc', 1);
INSERT INTO tblDatPlayers VALUES (2194172,32940,'Samuels','Shaun', 1);
INSERT INTO tblDatPlayers VALUES (2195406,49909,'Sanzsole','Andrew', 1);
INSERT INTO tblDatPlayers VALUES (2196640,78210,'Tolj','Zarko', 1);
INSERT INTO tblDatPlayers VALUES (2197874,51002,'Vidovic','Mladen', 1);
INSERT INTO tblDatPlayers VALUES (2199108,69777,'Wayland','Jonny', 1);
INSERT INTO tblDatPlayers VALUES (2200342,50871,'Zulkoski','Ed', 1);
INSERT INTO tblDatPlayers VALUES (2201576,77779,'Lopes','Andre', 1);
INSERT INTO tblDatPlayers VALUES (2202810,44432,'AddoAbedi','Kwaku', 1);
INSERT INTO tblDatPlayers VALUES (2204044,78418,'Almeida','Joshua', 1);
INSERT INTO tblDatPlayers VALUES (2205278,29444,'Drury','William', 1);
INSERT INTO tblDatPlayers VALUES (2206512,38677,'Pavic','Zeljko', 1);
INSERT INTO tblDatPlayers VALUES (2208980,83870,'Wilkinson','Marcus', 1);
INSERT INTO tblDatPlayers VALUES (2210214,55890,'Aarons','Cory', 1);
INSERT INTO tblDatPlayers VALUES (2211448,90193,'Arif','Emre', 1);
INSERT INTO tblDatPlayers VALUES (2212682,97845,'Bilalic','Mirnes', 1);
INSERT INTO tblDatPlayers VALUES (2213916,56834,'DeSerpa','Brandon', 1);
INSERT INTO tblDatPlayers VALUES (2215150,27904,'Fazlic','Reuf', 1);
INSERT INTO tblDatPlayers VALUES (2216384,56079,'Hadziavdic','Damir', 1);
INSERT INTO tblDatPlayers VALUES (2217618,94104,'Hodzic','Admir', 1);
INSERT INTO tblDatPlayers VALUES (2218852,33039,'Kiamil','Osman', 1);
INSERT INTO tblDatPlayers VALUES (2220086,97878,'Machado','Shannon', 1);
INSERT INTO tblDatPlayers VALUES (2221320,81377,'Marcos','Stephen', 1);
INSERT INTO tblDatPlayers VALUES (2222554,59338,'Odukwa','Manu', 1);
INSERT INTO tblDatPlayers VALUES (2223788,77422,'Osmansoy','Osman', 1);
INSERT INTO tblDatPlayers VALUES (2225022,51629,'Pereira','Jorge', 1);
INSERT INTO tblDatPlayers VALUES (2226256,28447,'Rakhshani','Behrad', 1);
INSERT INTO tblDatPlayers VALUES (2227490,84102,'Sargiszadeh','Hanibal', 1);
INSERT INTO tblDatPlayers VALUES (2228724,60910,'Sherifali','Levent', 1);
INSERT INTO tblDatPlayers VALUES (2229958,30565,'Karic','Dzenan', 1);
INSERT INTO tblDatPlayers VALUES (2231192,99474,'Barichello','Luca', 1);
INSERT INTO tblDatPlayers VALUES (2232426,12666,'Campbell','Peter', 1);
INSERT INTO tblDatPlayers VALUES (2233660,65896,'Koehler','Jurgen', 1);
INSERT INTO tblDatPlayers VALUES (2234894,98455,'LueKim','Konnar', 1);
INSERT INTO tblDatPlayers VALUES (2236128,93271,'Martinez','Jose', 1);
INSERT INTO tblDatPlayers VALUES (2237362,11597,'Pavic','Sacha', 1);
INSERT INTO tblDatPlayers VALUES (2238596,74709,'Pugliese','Vincenzo', 1);
INSERT INTO tblDatPlayers VALUES (2239830,26316,'Swan','Jonathon', 1);
INSERT INTO tblDatPlayers VALUES (2241064,36984,'Abwunza','Joel', 1);
INSERT INTO tblDatPlayers VALUES (2242298,74990,'HenryHayden','John', 1);
INSERT INTO tblDatPlayers VALUES (2243532,40321,'Kopilas','Oliver', 1);
INSERT INTO tblDatPlayers VALUES (2244766,85159,'Moore','Josh', 1);
INSERT INTO tblDatPlayers VALUES (2246000,59066,'Baranowicz','Matthew', 1);
INSERT INTO tblDatPlayers VALUES (2247234,37177,'Dowling','Liam', 1);
INSERT INTO tblDatPlayers VALUES (2248468,43615,'Ficic','Afrim', 1);
INSERT INTO tblDatPlayers VALUES (2249702,53218,'Jovanovic','Nenad', 1);
INSERT INTO tblDatPlayers VALUES (2250936,20860,'Parada','Hector', 1);
INSERT INTO tblDatPlayers VALUES (2252170,84715,'Martins','Jeff', 1);
INSERT INTO tblDatPlayers VALUES (2253404,58545,'Gross','Josh', 1);
INSERT INTO tblDatPlayers VALUES (2254638,30304,'Mielnik','Martin', 1);
INSERT INTO tblDatPlayers VALUES (2255872,61410,'Parda','Andrew', 1);
INSERT INTO tblDatPlayers VALUES (2257106,51052,'Salajan','Victor', 1);
INSERT INTO tblDatPlayers VALUES (2258340,35838,'Santos','Luca', 1);
INSERT INTO tblDatPlayers VALUES (2259574,55401,'Boroumand','Aram', 1);
INSERT INTO tblDatPlayers VALUES (2260808,61368,'Bromand','Sadat', 1);
INSERT INTO tblDatPlayers VALUES (2262042,97323,'Davidson','Matthew', 1);
INSERT INTO tblDatPlayers VALUES (2263276,83875,'DekadjeviLobe','Pascal', 1);
INSERT INTO tblDatPlayers VALUES (2265744,13270,'Adams','Shevon', 1);
INSERT INTO tblDatPlayers VALUES (2266978,80569,'MvKenna','Eddie', 1);
INSERT INTO tblDatPlayers VALUES (2268212,75271,'Palmer','Cory', 1);
INSERT INTO tblDatPlayers VALUES (2269446,73334,'Petrie','Derek', 1);
INSERT INTO tblDatPlayers VALUES (2270680,23928,'Craig','Adam', 1);
INSERT INTO tblDatPlayers VALUES (2271914,22222,'Demartin','Matthew', 1);
INSERT INTO tblDatPlayers VALUES (2273148,36752,'Frank','Joey', 1);
INSERT INTO tblDatPlayers VALUES (2274382,39677,'Frank','Robbie', 1);
INSERT INTO tblDatPlayers VALUES (2275616,21217,'Micic','Andrej', 1);
INSERT INTO tblDatPlayers VALUES (2276850,52764,'Pereira','Kevin', 1);
INSERT INTO tblDatPlayers VALUES (2278084,28061,'Rossi','Mark', 1);
INSERT INTO tblDatPlayers VALUES (2279318,37376,'Schmidt','Landon', 1);
INSERT INTO tblDatPlayers VALUES (2280552,68689,'Sokmez','Edis', 1);
INSERT INTO tblDatPlayers VALUES (2281786,72854,'Stephan','Cameron', 1);
INSERT INTO tblDatPlayers VALUES (2283020,67613,'Townsend','Brad', 1);
INSERT INTO tblDatPlayers VALUES (2284254,13440,'Warden','Michael', 1);
INSERT INTO tblDatPlayers VALUES (2285488,81622,'Zrebiec','Patrick', 1);
INSERT INTO tblDatPlayers VALUES (2286722,51595,'Khalaj','Ben', 1);
INSERT INTO tblDatPlayers VALUES (2287956,45599,'Ribeiro','Randy', 1);
INSERT INTO tblDatPlayers VALUES (2289190,68176,'Batista','Daniel', 1);
INSERT INTO tblDatPlayers VALUES (2290424,50359,'Prada','Joel', 1);
INSERT INTO tblDatPlayers VALUES (2292892,30551,'Dasilva','Ryan', 1);
INSERT INTO tblDatPlayers VALUES (2294126,47331,'Whiteley','Blake', 1);
INSERT INTO tblDatPlayers VALUES (2295360,85149,'Perry','Adam', 1);
INSERT INTO tblDatPlayers VALUES (2296594,25818,'McDonald','Devin', 1);
INSERT INTO tblDatPlayers VALUES (2297828,91917,'Umana','Rodrigo', 1);
INSERT INTO tblDatPlayers VALUES (2299062,60441,'Pugliese','Peter', 1);
INSERT INTO tblDatPlayers VALUES (2300296,99855,'Munroe','Jake', 1);
INSERT INTO tblDatPlayers VALUES (2301530,73594,'Frey','Ben', 1);
INSERT INTO tblDatPlayers VALUES (2302764,50900,'Habermehl','Andrew', 1);
INSERT INTO tblDatPlayers VALUES (2303998,41690,'Horn','Owen', 1);
INSERT INTO tblDatPlayers VALUES (2305232,56159,'Jarvis','Mike', 1);
INSERT INTO tblDatPlayers VALUES (2306466,61999,'Kubura','Boris', 1);
INSERT INTO tblDatPlayers VALUES (2307700,25261,'Mackie','Stuart', 1);
INSERT INTO tblDatPlayers VALUES (2308934,42205,'Mallon','Steve', 1);
INSERT INTO tblDatPlayers VALUES (2310168,23469,'Marin','Danijel', 1);
INSERT INTO tblDatPlayers VALUES (2311402,79132,'Mazurkiewicz','Damian', 1);
INSERT INTO tblDatPlayers VALUES (2312636,77774,'Porteous','Brent', 1);
INSERT INTO tblDatPlayers VALUES (2313870,33772,'Sehovac','Bojan', 1);
INSERT INTO tblDatPlayers VALUES (2315104,28413,'Weber','Jason', 1);
INSERT INTO tblDatPlayers VALUES (2316338,16435,'Castillo','Rich', 1);
INSERT INTO tblDatPlayers VALUES (2317572,32268,'Abioye','Raheem', 1);
INSERT INTO tblDatPlayers VALUES (2318806,81459,'Lake','Colin', 1);
INSERT INTO tblDatPlayers VALUES (2320040,34808,'Sousa','Brandon', 1);
INSERT INTO tblDatPlayers VALUES (2321274,41744,'Zaja','Frank', 1);
INSERT INTO tblDatPlayers VALUES (2322508,90692,'Rodrigues','Mike', 1);
INSERT INTO tblDatPlayers VALUES (2323742,37351,'Kotsopoulos','Perry', 1);


-- TEAMS

INSERT INTO tblDatTeams VALUES (210,'G Rangers','Guelph Rangers',1,'Green');
INSERT INTO tblDatTeams VALUES (211,'FK Bosna','FK Bosna',1,'Pink');
INSERT INTO tblDatTeams VALUES (212,'Aurora ','Aurora Lodge',1,'Dark Blue');
INSERT INTO tblDatTeams VALUES (214,'Hrvat','Hrvat',1,'Yellow');
INSERT INTO tblDatTeams VALUES (215,'Bridgeport','Bridgeport Strikers',1,'Red');
INSERT INTO tblDatTeams VALUES (216,'Eagles','Polish Eagles',1,'Light Blue');
INSERT INTO tblDatTeams VALUES (218,'Stratford ','Stratford City',1,'Dark Green');
INSERT INTO tblDatTeams VALUES (220,'Banat','Banat',1,'Green');
INSERT INTO tblDatTeams VALUES (221,'Feds Und','Feds Und',1,'Purple');
INSERT INTO tblDatTeams VALUES (222,'Sonics','Supersonics',1,'White');
INSERT INTO tblDatTeams VALUES (223,'Sonnys FC','Sonnys FC',1,'Gold');
INSERT INTO tblDatTeams VALUES (225,'Leoes','Leoes',1,'BR Stripes');
INSERT INTO tblDatTeams VALUES (400,'DBAS','DBAS1201',1,'Orange');


-- INSERT tblDatGames records
Prompt ******  Inserting GAMES Records table ....

INSERT INTO tblDatGames (divid,gamenum,gamedatetime,hometeam,homescore,visitteam,visitscore,locationid,isplayed,notes) VALUES (28,1,to_date('170523','yymmdd'),218,1,212,3,84,1,'');
INSERT INTO tblDatGames (divid,gamenum,gamedatetime,hometeam,homescore,visitteam,visitscore,locationid,isplayed,notes) VALUES (28,2,to_date('170523','yymmdd'),214,3,222,2,80,1,'');
INSERT INTO tblDatGames (divid,gamenum,gamedatetime,hometeam,homescore,visitteam,visitscore,locationid,isplayed,notes) VALUES (28,3,to_date('170523','yymmdd'),211,1,220,9,79,1,'');
INSERT INTO tblDatGames (divid,gamenum,gamedatetime,hometeam,homescore,visitteam,visitscore,locationid,isplayed,notes) VALUES (28,4,to_date('170525','yymmdd'),210,2,216,1,55,1,'');
INSERT INTO tblDatGames (divid,gamenum,gamedatetime,hometeam,homescore,visitteam,visitscore,locationid,isplayed,notes) VALUES (28,5,to_date('170525','yymmdd'),223,0,215,1,80,1,'');
INSERT INTO tblDatGames (divid,gamenum,gamedatetime,hometeam,homescore,visitteam,visitscore,locationid,isplayed,notes) VALUES (31,203,to_date('170527','yymmdd'),212,2,222,5,41,1,'CUP');
INSERT INTO tblDatGames (divid,gamenum,gamedatetime,hometeam,homescore,visitteam,visitscore,locationid,isplayed,notes) VALUES (31,201,to_date('170528','yymmdd'),223,1,211,2,80,1,'CUP');
INSERT INTO tblDatGames (divid,gamenum,gamedatetime,hometeam,homescore,visitteam,visitscore,locationid,isplayed,notes) VALUES (31,202,to_date('170528','yymmdd'),216,3,210,2,78,1,'CUP');
INSERT INTO tblDatGames (divid,gamenum,gamedatetime,hometeam,homescore,visitteam,visitscore,locationid,isplayed,notes) VALUES (31,204,to_date('170528','yymmdd'),218,2,220,1,84,1,'CUP');
INSERT INTO tblDatGames (divid,gamenum,gamedatetime,hometeam,homescore,visitteam,visitscore,locationid,isplayed,notes) VALUES (28,6,to_date('170530','yymmdd'),211,4,218,4,80,1,'');
INSERT INTO tblDatGames (divid,gamenum,gamedatetime,hometeam,homescore,visitteam,visitscore,locationid,isplayed,notes) VALUES (28,7,to_date('170601','yymmdd'),212,1,216,4,41,1,'');
INSERT INTO tblDatGames (divid,gamenum,gamedatetime,hometeam,homescore,visitteam,visitscore,locationid,isplayed,notes) VALUES (28,8,to_date('170601','yymmdd'),222,3,220,1,82,1,'');
INSERT INTO tblDatGames (divid,gamenum,gamedatetime,hometeam,homescore,visitteam,visitscore,locationid,isplayed,notes) VALUES (28,9,to_date('170601','yymmdd'),210,1,223,2,42,1,'');
INSERT INTO tblDatGames (divid,gamenum,gamedatetime,hometeam,homescore,visitteam,visitscore,locationid,isplayed,notes) VALUES (28,10,to_date('170601','yymmdd'),215,2,214,1,81,1,'');
INSERT INTO tblDatGames (divid,gamenum,gamedatetime,hometeam,homescore,visitteam,visitscore,locationid,isplayed,notes) VALUES (28,11,to_date('170603','yymmdd'),212,0,222,6,41,1,'');
INSERT INTO tblDatGames (divid,gamenum,gamedatetime,hometeam,homescore,visitteam,visitscore,locationid,isplayed,notes) VALUES (28,12,to_date('170604','yymmdd'),214,5,210,0,38,1,'');
INSERT INTO tblDatGames (divid,gamenum,gamedatetime,hometeam,homescore,visitteam,visitscore,locationid,isplayed,notes) VALUES (28,13,to_date('170604','yymmdd'),220,0,215,2,35,1,'');
INSERT INTO tblDatGames (divid,gamenum,gamedatetime,hometeam,homescore,visitteam,visitscore,locationid,isplayed,notes) VALUES (28,14,to_date('170627','yymmdd'),216,0,218,2,38,1,'');
INSERT INTO tblDatGames (divid,gamenum,gamedatetime,hometeam,homescore,visitteam,visitscore,locationid,isplayed,notes) VALUES (28,15,to_date('170604','yymmdd'),223,4,211,0,79,1,'');
INSERT INTO tblDatGames (divid,gamenum,gamedatetime,hometeam,homescore,visitteam,visitscore,locationid,isplayed,notes) VALUES (28,16,to_date('170606','yymmdd'),218,4,223,1,84,1,'');
INSERT INTO tblDatGames (divid,gamenum,gamedatetime,hometeam,homescore,visitteam,visitscore,locationid,isplayed,notes) VALUES (28,17,to_date('170606','yymmdd'),211,2,214,5,80,1,'');
INSERT INTO tblDatGames (divid,gamenum,gamedatetime,hometeam,homescore,visitteam,visitscore,locationid,isplayed,notes) VALUES (28,18,to_date('170712','yymmdd'),210,1,220,5,55,1,'');
INSERT INTO tblDatGames (divid,gamenum,gamedatetime,hometeam,homescore,visitteam,visitscore,locationid,isplayed,notes) VALUES (28,19,to_date('170608','yymmdd'),215,1,212,2,81,1,'');
INSERT INTO tblDatGames (divid,gamenum,gamedatetime,hometeam,homescore,visitteam,visitscore,locationid,isplayed,notes) VALUES (28,20,to_date('170608','yymmdd'),222,3,216,1,82,1,'');
INSERT INTO tblDatGames (divid,gamenum,gamedatetime,hometeam,homescore,visitteam,visitscore,locationid,isplayed,notes) VALUES (28,22,to_date('170614','yymmdd'),211,3,210,5,80,1,'');
INSERT INTO tblDatGames (divid,gamenum,gamedatetime,hometeam,homescore,visitteam,visitscore,locationid,isplayed,notes) VALUES (28,23,to_date('170615','yymmdd'),212,4,223,2,41,1,'');
INSERT INTO tblDatGames (divid,gamenum,gamedatetime,hometeam,homescore,visitteam,visitscore,locationid,isplayed,notes) VALUES (28,25,to_date('170615','yymmdd'),220,4,216,7,35,1,'');
INSERT INTO tblDatGames (divid,gamenum,gamedatetime,hometeam,homescore,visitteam,visitscore,locationid,isplayed,notes) VALUES (31,205,to_date('170619','yymmdd'),216,0,211,1,80,1,'CUP 1/4 final - winner 201 vs 202');
INSERT INTO tblDatGames (divid,gamenum,gamedatetime,hometeam,homescore,visitteam,visitscore,locationid,isplayed,notes) VALUES (31,206,to_date('170617','yymmdd'),218,1,222,2,82,1,'CUP 1/4 final - winner 203 vs 204');
INSERT INTO tblDatGames (divid,gamenum,gamedatetime,hometeam,homescore,visitteam,visitscore,locationid,isplayed,notes) VALUES (28,26,to_date('170622','yymmdd'),210,3,218,0,42,1,'');
INSERT INTO tblDatGames (divid,gamenum,gamedatetime,hometeam,homescore,visitteam,visitscore,locationid,isplayed,notes) VALUES (28,27,to_date('170622','yymmdd'),222,3,211,1,82,1,'');
INSERT INTO tblDatGames (divid,gamenum,gamedatetime,hometeam,homescore,visitteam,visitscore,locationid,isplayed,notes) VALUES (28,28,to_date('170622','yymmdd'),220,2,212,0,35,1,'');
INSERT INTO tblDatGames (divid,gamenum,gamedatetime,hometeam,homescore,visitteam,visitscore,locationid,isplayed,notes) VALUES (28,29,to_date('170702','yymmdd'),223,2,214,1,38,1,'');
INSERT INTO tblDatGames (divid,gamenum,gamedatetime,hometeam,homescore,visitteam,visitscore,locationid,isplayed,notes) VALUES (28,30,to_date('170622','yymmdd'),216,0,215,5,80,1,'');
INSERT INTO tblDatGames (divid,gamenum,gamedatetime,hometeam,homescore,visitteam,visitscore,locationid,isplayed,notes) VALUES (28,31,to_date('170625','yymmdd'),218,1,220,3,84,1,'');
INSERT INTO tblDatGames (divid,gamenum,gamedatetime,hometeam,homescore,visitteam,visitscore,locationid,isplayed,notes) VALUES (28,32,to_date('170625','yymmdd'),214,2,212,3,38,1,'');
INSERT INTO tblDatGames (divid,gamenum,gamedatetime,hometeam,homescore,visitteam,visitscore,locationid,isplayed,notes) VALUES (28,33,to_date('170625','yymmdd'),211,1,215,9,79,1,'');
INSERT INTO tblDatGames (divid,gamenum,gamedatetime,hometeam,homescore,visitteam,visitscore,locationid,isplayed,notes) VALUES (28,34,to_date('170625','yymmdd'),210,1,222,3,72,1,'');
INSERT INTO tblDatGames (divid,gamenum,gamedatetime,hometeam,homescore,visitteam,visitscore,locationid,isplayed,notes) VALUES (28,35,to_date('170625','yymmdd'),223,1,216,1,79,1,'');
INSERT INTO tblDatGames (divid,gamenum,gamedatetime,hometeam,homescore,visitteam,visitscore,locationid,isplayed,notes) VALUES (28,36,to_date('170706','yymmdd'),212,5,211,1,41,1,'');
INSERT INTO tblDatGames (divid,gamenum,gamedatetime,hometeam,homescore,visitteam,visitscore,locationid,isplayed,notes) VALUES (28,37,to_date('170706','yymmdd'),222,2,218,0,82,1,'');
INSERT INTO tblDatGames (divid,gamenum,gamedatetime,hometeam,homescore,visitteam,visitscore,locationid,isplayed,notes) VALUES (28,38,to_date('170706','yymmdd'),220,3,223,3,35,1,'');
INSERT INTO tblDatGames (divid,gamenum,gamedatetime,hometeam,homescore,visitteam,visitscore,locationid,isplayed,notes) VALUES (28,39,to_date('170706','yymmdd'),216,3,214,4,80,1,'');
INSERT INTO tblDatGames (divid,gamenum,gamedatetime,hometeam,homescore,visitteam,visitscore,locationid,isplayed,notes) VALUES (28,40,to_date('170706','yymmdd'),215,5,210,0,81,1,'');
INSERT INTO tblDatGames (divid,gamenum,gamedatetime,hometeam,homescore,visitteam,visitscore,locationid,isplayed,notes) VALUES (28,41,to_date('170709','yymmdd'),218,2,215,2,84,1,'');
INSERT INTO tblDatGames (divid,gamenum,gamedatetime,hometeam,homescore,visitteam,visitscore,locationid,isplayed,notes) VALUES (28,42,to_date('170709','yymmdd'),214,1,220,2,79,1,'');
INSERT INTO tblDatGames (divid,gamenum,gamedatetime,hometeam,homescore,visitteam,visitscore,locationid,isplayed,notes) VALUES (28,43,to_date('170709','yymmdd'),211,2,216,4,79,1,'');
INSERT INTO tblDatGames (divid,gamenum,gamedatetime,hometeam,homescore,visitteam,visitscore,locationid,isplayed,notes) VALUES (28,44,to_date('170709','yymmdd'),210,2,212,0,72,1,'');
INSERT INTO tblDatGames (divid,gamenum,gamedatetime,hometeam,homescore,visitteam,visitscore,locationid,isplayed,notes) VALUES (28,45,to_date('170709','yymmdd'),223,1,222,2,38,1,'');
INSERT INTO tblDatGames (divid,gamenum,gamedatetime,hometeam,homescore,visitteam,visitscore,locationid,isplayed,notes) VALUES (31,207,to_date('170716','yymmdd'),214,0,222,2,79,1,'CUP Semi-Final - winner 206');
INSERT INTO tblDatGames (divid,gamenum,gamedatetime,hometeam,homescore,visitteam,visitscore,locationid,isplayed,notes) VALUES (28,46,to_date('170720','yymmdd'),212,0,218,2,41,1,'');
INSERT INTO tblDatGames (divid,gamenum,gamedatetime,hometeam,homescore,visitteam,visitscore,locationid,isplayed,notes) VALUES (28,47,to_date('170720','yymmdd'),222,1,214,0,82,1,'');
INSERT INTO tblDatGames (divid,gamenum,gamedatetime,hometeam,homescore,visitteam,visitscore,locationid,isplayed,notes) VALUES (28,48,to_date('170720','yymmdd'),215,2,223,2,81,1,'');
INSERT INTO tblDatGames (divid,gamenum,gamedatetime,hometeam,homescore,visitteam,visitscore,locationid,isplayed,notes) VALUES (28,49,to_date('170720','yymmdd'),216,1,210,0,80,1,'');
INSERT INTO tblDatGames (divid,gamenum,gamedatetime,hometeam,homescore,visitteam,visitscore,locationid,isplayed,notes) VALUES (28,50,to_date('170720','yymmdd'),220,4,211,1,35,1,'');
INSERT INTO tblDatGames (divid,gamenum,gamedatetime,hometeam,homescore,visitteam,visitscore,locationid,isplayed,notes) VALUES (31,209,to_date('170723','yymmdd'),215,3,222,4,38,1,'CUP Final - winner 207 vs 208');
INSERT INTO tblDatGames (divid,gamenum,gamedatetime,hometeam,homescore,visitteam,visitscore,locationid,isplayed,notes) VALUES (28,51,to_date('170725','yymmdd'),218,5,211,1,84,1,'');
INSERT INTO tblDatGames (divid,gamenum,gamedatetime,hometeam,homescore,visitteam,visitscore,locationid,isplayed,notes) VALUES (28,52,to_date('170827','yymmdd'),214,2,215,6,79,1,'');
INSERT INTO tblDatGames (divid,gamenum,gamedatetime,hometeam,homescore,visitteam,visitscore,locationid,isplayed,notes) VALUES (28,53,to_date('170826','yymmdd'),220,2,222,1,11,1,'RIM AF1');
INSERT INTO tblDatGames (divid,gamenum,gamedatetime,hometeam,homescore,visitteam,visitscore,locationid,isplayed,notes) VALUES (28,54,to_date('170827','yymmdd'),223,1,210,1,85,1,'Bechtel 6****');
INSERT INTO tblDatGames (divid,gamenum,gamedatetime,hometeam,homescore,visitteam,visitscore,locationid,isplayed,notes) VALUES (28,55,to_date('170727','yymmdd'),216,6,212,2,80,1,'');
INSERT INTO tblDatGames (divid,gamenum,gamedatetime,hometeam,homescore,visitteam,visitscore,locationid,isplayed,notes) VALUES (28,56,to_date('170729','yymmdd'),222,5,212,0,82,1,'');
INSERT INTO tblDatGames (divid,gamenum,gamedatetime,hometeam,homescore,visitteam,visitscore,locationid,isplayed,notes) VALUES (28,57,to_date('170730','yymmdd'),218,2,216,2,84,1,'');
INSERT INTO tblDatGames (divid,gamenum,gamedatetime,hometeam,homescore,visitteam,visitscore,locationid,isplayed,notes) VALUES (28,58,to_date('170730','yymmdd'),211,0,223,8,78,1,'');
INSERT INTO tblDatGames (divid,gamenum,gamedatetime,hometeam,homescore,visitteam,visitscore,locationid,isplayed,notes) VALUES (28,59,to_date('170730','yymmdd'),210,4,214,2,72,1,'');
INSERT INTO tblDatGames (divid,gamenum,gamedatetime,hometeam,homescore,visitteam,visitscore,locationid,isplayed,notes) VALUES (28,60,to_date('170730','yymmdd'),215,1,220,0,85,1,'');
INSERT INTO tblDatGames (divid,gamenum,gamedatetime,hometeam,homescore,visitteam,visitscore,locationid,isplayed,notes) VALUES (28,61,to_date('170808','yymmdd'),214,5,211,2,79,1,'');
INSERT INTO tblDatGames (divid,gamenum,gamedatetime,hometeam,homescore,visitteam,visitscore,locationid,isplayed,notes) VALUES (28,62,to_date('170810','yymmdd'),212,1,215,5,41,1,'');
INSERT INTO tblDatGames (divid,gamenum,gamedatetime,hometeam,homescore,visitteam,visitscore,locationid,isplayed,notes) VALUES (28,63,to_date('170810','yymmdd'),220,4,210,1,35,1,'');
INSERT INTO tblDatGames (divid,gamenum,gamedatetime,hometeam,homescore,visitteam,visitscore,locationid,isplayed,notes) VALUES (28,64,to_date('170810','yymmdd'),216,2,222,5,80,1,'');
INSERT INTO tblDatGames (divid,gamenum,gamedatetime,hometeam,homescore,visitteam,visitscore,locationid,isplayed,notes) VALUES (28,65,to_date('170810','yymmdd'),223,2,218,1,80,1,'');
INSERT INTO tblDatGames (divid,gamenum,gamedatetime,hometeam,homescore,visitteam,visitscore,locationid,isplayed,notes) VALUES (28,66,to_date('170815','yymmdd'),218,2,214,2,83,1,'');
INSERT INTO tblDatGames (divid,gamenum,gamedatetime,hometeam,homescore,visitteam,visitscore,locationid,isplayed,notes) VALUES (28,67,to_date('170817','yymmdd'),210,3,211,5,42,1,'');
INSERT INTO tblDatGames (divid,gamenum,gamedatetime,hometeam,homescore,visitteam,visitscore,locationid,isplayed,notes) VALUES (28,68,to_date('170817','yymmdd'),222,3,215,2,82,1,'');
INSERT INTO tblDatGames (divid,gamenum,gamedatetime,hometeam,homescore,visitteam,visitscore,locationid,isplayed,notes) VALUES (28,69,to_date('170817','yymmdd'),216,3,220,5,80,1,'');
INSERT INTO tblDatGames (divid,gamenum,gamedatetime,hometeam,homescore,visitteam,visitscore,locationid,isplayed,notes) VALUES (28,70,to_date('170817','yymmdd'),223,4,212,0,80,1,'');
INSERT INTO tblDatGames (divid,gamenum,gamedatetime,hometeam,homescore,visitteam,visitscore,locationid,isplayed,notes) VALUES (28,71,to_date('170822','yymmdd'),214,4,223,2,80,1,'');
INSERT INTO tblDatGames (divid,gamenum,gamedatetime,hometeam,homescore,visitteam,visitscore,locationid,isplayed,notes) VALUES (28,72,to_date('170822','yymmdd'),211,0,222,9,79,1,'');
INSERT INTO tblDatGames (divid,gamenum,gamedatetime,hometeam,homescore,visitteam,visitscore,locationid,isplayed,notes) VALUES (28,73,to_date('170823','yymmdd'),218,3,210,0,84,1,'');
INSERT INTO tblDatGames (divid,gamenum,gamedatetime,hometeam,homescore,visitteam,visitscore,locationid,isplayed,notes) VALUES (28,74,to_date('170824','yymmdd'),215,6,216,3,81,1,'');
INSERT INTO tblDatGames (divid,gamenum,gamedatetime,hometeam,homescore,visitteam,visitscore,locationid,isplayed,notes) VALUES (28,75,to_date('170824','yymmdd'),212,1,220,4,41,1,'');
INSERT INTO tblDatGames (divid,gamenum,gamedatetime,hometeam,homescore,visitteam,visitscore,locationid,isplayed,notes) VALUES (28,76,to_date('170907','yymmdd'),212,3,214,1,41,1,'');
INSERT INTO tblDatGames (divid,gamenum,gamedatetime,hometeam,homescore,visitteam,visitscore,locationid,isplayed,notes) VALUES (28,77,to_date('170907','yymmdd'),222,2,210,2,82,1,'');
INSERT INTO tblDatGames (divid,gamenum,gamedatetime,hometeam,homescore,visitteam,visitscore,locationid,isplayed,notes) VALUES (28,78,to_date('170907','yymmdd'),215,6,211,1,81,1,'');
INSERT INTO tblDatGames (divid,gamenum,gamedatetime,hometeam,homescore,visitteam,visitscore,locationid,isplayed,notes) VALUES (28,79,to_date('170907','yymmdd'),220,1,218,0,35,1,'');
INSERT INTO tblDatGames (divid,gamenum,gamedatetime,hometeam,homescore,visitteam,visitscore,locationid,isplayed,notes) VALUES (28,80,to_date('170907','yymmdd'),216,6,223,4,80,1,'');
INSERT INTO tblDatGames (divid,gamenum,gamedatetime,hometeam,homescore,visitteam,visitscore,locationid,isplayed,notes) VALUES (28,81,to_date('170912','yymmdd'),218,3,222,0,83,1,'');
INSERT INTO tblDatGames (divid,gamenum,gamedatetime,hometeam,homescore,visitteam,visitscore,locationid,isplayed,notes) VALUES (28,82,to_date('170912','yymmdd'),214,0,216,3,80,1,'');
INSERT INTO tblDatGames (divid,gamenum,gamedatetime,hometeam,homescore,visitteam,visitscore,locationid,isplayed,notes) VALUES (28,83,to_date('170912','yymmdd'),211,1,212,5,80,1,'');
INSERT INTO tblDatGames (divid,gamenum,gamedatetime,hometeam,homescore,visitteam,visitscore,locationid,isplayed,notes) VALUES (28,84,to_date('170914','yymmdd'),210,0,215,4,42,1,'');
INSERT INTO tblDatGames (divid,gamenum,gamedatetime,hometeam,homescore,visitteam,visitscore,locationid,isplayed,notes) VALUES (28,85,to_date('170914','yymmdd'),223,1,220,4,78,1,'');
INSERT INTO tblDatGames (divid,gamenum,gamedatetime,hometeam,homescore,visitteam,visitscore,locationid,isplayed,notes) VALUES (28,86,to_date('170921','yymmdd'),222,3,223,1,82,1,'');
INSERT INTO tblDatGames (divid,gamenum,gamedatetime,hometeam,homescore,visitteam,visitscore,locationid,isplayed,notes) VALUES (28,87,to_date('170921','yymmdd'),212,1,210,4,41,1,'');
INSERT INTO tblDatGames (divid,gamenum,gamedatetime,hometeam,homescore,visitteam,visitscore,locationid,isplayed,notes) VALUES (28,88,to_date('170921','yymmdd'),215,0,218,2,81,1,'');
INSERT INTO tblDatGames (divid,gamenum,gamedatetime,hometeam,homescore,visitteam,visitscore,locationid,isplayed,notes) VALUES (28,89,to_date('170921','yymmdd'),220,2,214,2,35,1,'');
INSERT INTO tblDatGames (divid,gamenum,gamedatetime,hometeam,homescore,visitteam,visitscore,locationid,isplayed,notes) VALUES (28,90,to_date('170921','yymmdd'),216,2,211,2,80,1,'');
INSERT INTO tblDatGames (divid,gamenum,gamedatetime,hometeam,homescore,visitteam,visitscore,locationid,isplayed,notes) VALUES (30,101,to_date('170928','yymmdd'),222,2,212,0,82,1,'1/4 Final');
INSERT INTO tblDatGames (divid,gamenum,gamedatetime,hometeam,homescore,visitteam,visitscore,locationid,isplayed,notes) VALUES (30,102,to_date('170928','yymmdd'),215,2,223,1,81,1,'1/4 Final');
INSERT INTO tblDatGames (divid,gamenum,gamedatetime,hometeam,homescore,visitteam,visitscore,locationid,isplayed,notes) VALUES (30,103,to_date('170928','yymmdd'),220,1,214,0,78,1,'1/4 Final');
INSERT INTO tblDatGames (divid,gamenum,gamedatetime,hometeam,homescore,visitteam,visitscore,locationid,isplayed,notes) VALUES (30,104,to_date('170928','yymmdd'),218,4,216,1,39,1,'1/4 Final @ St Michaels Field');
INSERT INTO tblDatGames (divid,gamenum,gamedatetime,hometeam,homescore,visitteam,visitscore,locationid,isplayed,notes) VALUES (30,105,to_date('171005','yymmdd'),222,1,218,2,82,1,'SemiFinal - winner 104 vs 101');
INSERT INTO tblDatGames (divid,gamenum,gamedatetime,hometeam,homescore,visitteam,visitscore,locationid,isplayed,notes) VALUES (30,106,to_date('171005','yymmdd'),215,3,220,0,78,1,'SemiFinal - winner 103 vs 102');
INSERT INTO tblDatGames (divid,gamenum,gamedatetime,hometeam,homescore,visitteam,visitscore,locationid,isplayed,notes) VALUES (30,107,to_date('171019','yymmdd'),215,0,218,0,11,0,'playoff Final - RIM #2');
COMMIT;



-- INSERT tblDatGoalScorers records
Prompt ******  Inserting Goal Scorers Records table ....

INSERT INTO tblDatGoalScorers (gameid,playerid,teamid,numgoals,numassists) VALUES (1,2025114,212,1,0);
INSERT INTO tblDatGoalScorers (gameid,playerid,teamid,numgoals,numassists) VALUES (1,2017710,212,1,0);
INSERT INTO tblDatGoalScorers (gameid,playerid,teamid,numgoals,numassists) VALUES (1,2027582,212,1,0);
INSERT INTO tblDatGoalScorers (gameid,playerid,teamid,numgoals,numassists) VALUES (1,2143578,218,1,0);
INSERT INTO tblDatGoalScorers (gameid,playerid,teamid,numgoals,numassists) VALUES (2,2274382,222,1,0);
INSERT INTO tblDatGoalScorers (gameid,playerid,teamid,numgoals,numassists) VALUES (2,2281786,222,1,0);
INSERT INTO tblDatGoalScorers (gameid,playerid,teamid,numgoals,numassists) VALUES (2,2242298,214,1,0);
INSERT INTO tblDatGoalScorers (gameid,playerid,teamid,numgoals,numassists) VALUES (2,2123834,214,1,0);
INSERT INTO tblDatGoalScorers (gameid,playerid,teamid,numgoals,numassists) VALUES (2,1994264,214,1,0);
INSERT INTO tblDatGoalScorers (gameid,playerid,teamid,numgoals,numassists) VALUES (3,2178130,220,1,0);
INSERT INTO tblDatGoalScorers (gameid,playerid,teamid,numgoals,numassists) VALUES (3,2181832,220,2,0);
INSERT INTO tblDatGoalScorers (gameid,playerid,teamid,numgoals,numassists) VALUES (3,2190470,220,5,0);
INSERT INTO tblDatGoalScorers (gameid,playerid,teamid,numgoals,numassists) VALUES (3,2196640,220,1,0);
INSERT INTO tblDatGoalScorers (gameid,playerid,teamid,numgoals,numassists) VALUES (3,2216384,211,1,0);
INSERT INTO tblDatGoalScorers (gameid,playerid,teamid,numgoals,numassists) VALUES (4,2236128,210,1,0);
INSERT INTO tblDatGoalScorers (gameid,playerid,teamid,numgoals,numassists) VALUES (4,2130004,210,1,0);
INSERT INTO tblDatGoalScorers (gameid,playerid,teamid,numgoals,numassists) VALUES (5,2200342,215,1,0);
INSERT INTO tblDatGoalScorers (gameid,playerid,teamid,numgoals,numassists) VALUES (6,2270680,222,3,0);
INSERT INTO tblDatGoalScorers (gameid,playerid,teamid,numgoals,numassists) VALUES (6,2287956,222,1,0);
INSERT INTO tblDatGoalScorers (gameid,playerid,teamid,numgoals,numassists) VALUES (6,2280552,222,1,0);
INSERT INTO tblDatGoalScorers (gameid,playerid,teamid,numgoals,numassists) VALUES (6,2289190,212,1,0);
INSERT INTO tblDatGoalScorers (gameid,playerid,teamid,numgoals,numassists) VALUES (6,2115196,212,1,0);
INSERT INTO tblDatGoalScorers (gameid,playerid,teamid,numgoals,numassists) VALUES (7,2227490,211,1,0);
INSERT INTO tblDatGoalScorers (gameid,playerid,teamid,numgoals,numassists) VALUES (7,2253404,223,1,0);
INSERT INTO tblDatGoalScorers (gameid,playerid,teamid,numgoals,numassists) VALUES (8,1967116,210,1,0);
INSERT INTO tblDatGoalScorers (gameid,playerid,teamid,numgoals,numassists) VALUES (8,2236128,210,1,0);
INSERT INTO tblDatGoalScorers (gameid,playerid,teamid,numgoals,numassists) VALUES (8,2246000,216,1,0);
INSERT INTO tblDatGoalScorers (gameid,playerid,teamid,numgoals,numassists) VALUES (8,2290424,216,2,0);
INSERT INTO tblDatGoalScorers (gameid,playerid,teamid,numgoals,numassists) VALUES (9,2184300,220,1,0);
INSERT INTO tblDatGoalScorers (gameid,playerid,teamid,numgoals,numassists) VALUES (9,1585810,218,1,0);
INSERT INTO tblDatGoalScorers (gameid,playerid,teamid,numgoals,numassists) VALUES (10,2143578,218,2,0);
INSERT INTO tblDatGoalScorers (gameid,playerid,teamid,numgoals,numassists) VALUES (10,1600618,218,1,0);
INSERT INTO tblDatGoalScorers (gameid,playerid,teamid,numgoals,numassists) VALUES (10,2216384,211,2,0);
INSERT INTO tblDatGoalScorers (gameid,playerid,teamid,numgoals,numassists) VALUES (10,2222554,211,1,0);
INSERT INTO tblDatGoalScorers (gameid,playerid,teamid,numgoals,numassists) VALUES (10,2226256,211,1,0);
INSERT INTO tblDatGoalScorers (gameid,playerid,teamid,numgoals,numassists) VALUES (11,2249702,216,1,0);
INSERT INTO tblDatGoalScorers (gameid,playerid,teamid,numgoals,numassists) VALUES (11,2290424,216,2,0);
INSERT INTO tblDatGoalScorers (gameid,playerid,teamid,numgoals,numassists) VALUES (11,1761038,216,1,0);
INSERT INTO tblDatGoalScorers (gameid,playerid,teamid,numgoals,numassists) VALUES (11,2205278,212,1,0);
INSERT INTO tblDatGoalScorers (gameid,playerid,teamid,numgoals,numassists) VALUES (12,2190470,220,1,0);
INSERT INTO tblDatGoalScorers (gameid,playerid,teamid,numgoals,numassists) VALUES (12,2274382,222,1,0);
INSERT INTO tblDatGoalScorers (gameid,playerid,teamid,numgoals,numassists) VALUES (12,2276850,222,1,0);
INSERT INTO tblDatGoalScorers (gameid,playerid,teamid,numgoals,numassists) VALUES (12,2285488,222,1,0);
INSERT INTO tblDatGoalScorers (gameid,playerid,teamid,numgoals,numassists) VALUES (13,2253404,223,2,0);
INSERT INTO tblDatGoalScorers (gameid,playerid,teamid,numgoals,numassists) VALUES (13,2232426,210,1,0);
INSERT INTO tblDatGoalScorers (gameid,playerid,teamid,numgoals,numassists) VALUES (14,1994264,214,1,0);
INSERT INTO tblDatGoalScorers (gameid,playerid,teamid,numgoals,numassists) VALUES (14,1820270,215,2,0);
INSERT INTO tblDatGoalScorers (gameid,playerid,teamid,numgoals,numassists) VALUES (15,2270680,222,1,0);
INSERT INTO tblDatGoalScorers (gameid,playerid,teamid,numgoals,numassists) VALUES (15,2274382,222,1,0);
INSERT INTO tblDatGoalScorers (gameid,playerid,teamid,numgoals,numassists) VALUES (15,2276850,222,1,0);
INSERT INTO tblDatGoalScorers (gameid,playerid,teamid,numgoals,numassists) VALUES (15,2287956,222,1,0);
INSERT INTO tblDatGoalScorers (gameid,playerid,teamid,numgoals,numassists) VALUES (15,2279318,222,1,0);
INSERT INTO tblDatGoalScorers (gameid,playerid,teamid,numgoals,numassists) VALUES (15,2285488,222,1,0);
INSERT INTO tblDatGoalScorers (gameid,playerid,teamid,numgoals,numassists) VALUES (16,2242298,214,1,0);
INSERT INTO tblDatGoalScorers (gameid,playerid,teamid,numgoals,numassists) VALUES (16,1994264,214,3,0);
INSERT INTO tblDatGoalScorers (gameid,playerid,teamid,numgoals,numassists) VALUES (16,1842482,214,1,0);
INSERT INTO tblDatGoalScorers (gameid,playerid,teamid,numgoals,numassists) VALUES (17,1954776,215,1,0);
INSERT INTO tblDatGoalScorers (gameid,playerid,teamid,numgoals,numassists) VALUES (17,2126302,215,1,0);
INSERT INTO tblDatGoalScorers (gameid,playerid,teamid,numgoals,numassists) VALUES (18,1585810,218,1,0);
INSERT INTO tblDatGoalScorers (gameid,playerid,teamid,numgoals,numassists) VALUES (19,2259574,223,1,0);
INSERT INTO tblDatGoalScorers (gameid,playerid,teamid,numgoals,numassists) VALUES (19,2260808,223,1,0);
INSERT INTO tblDatGoalScorers (gameid,playerid,teamid,numgoals,numassists) VALUES (19,2253404,223,2,0);
INSERT INTO tblDatGoalScorers (gameid,playerid,teamid,numgoals,numassists) VALUES (20,2143578,218,1,0);
INSERT INTO tblDatGoalScorers (gameid,playerid,teamid,numgoals,numassists) VALUES (20,1585810,218,2,0);
INSERT INTO tblDatGoalScorers (gameid,playerid,teamid,numgoals,numassists) VALUES (20,2266978,218,1,0);
INSERT INTO tblDatGoalScorers (gameid,playerid,teamid,numgoals,numassists) VALUES (21,2215150,211,1,0);
INSERT INTO tblDatGoalScorers (gameid,playerid,teamid,numgoals,numassists) VALUES (21,2223788,211,1,0);
INSERT INTO tblDatGoalScorers (gameid,playerid,teamid,numgoals,numassists) VALUES (22,2180598,220,1,0);
INSERT INTO tblDatGoalScorers (gameid,playerid,teamid,numgoals,numassists) VALUES (22,2196640,220,3,0);
INSERT INTO tblDatGoalScorers (gameid,playerid,teamid,numgoals,numassists) VALUES (23,2020178,212,1,0);
INSERT INTO tblDatGoalScorers (gameid,playerid,teamid,numgoals,numassists) VALUES (23,2027582,212,1,0);
INSERT INTO tblDatGoalScorers (gameid,playerid,teamid,numgoals,numassists) VALUES (23,2201576,215,1,0);
INSERT INTO tblDatGoalScorers (gameid,playerid,teamid,numgoals,numassists) VALUES (24,2155918,216,1,0);
INSERT INTO tblDatGoalScorers (gameid,playerid,teamid,numgoals,numassists) VALUES (24,2270680,222,2,0);
INSERT INTO tblDatGoalScorers (gameid,playerid,teamid,numgoals,numassists) VALUES (24,2284254,222,1,0);
INSERT INTO tblDatGoalScorers (gameid,playerid,teamid,numgoals,numassists) VALUES (26,1960946,210,1,0);
INSERT INTO tblDatGoalScorers (gameid,playerid,teamid,numgoals,numassists) VALUES (26,2236128,210,3,0);
INSERT INTO tblDatGoalScorers (gameid,playerid,teamid,numgoals,numassists) VALUES (26,2130004,210,1,0);
INSERT INTO tblDatGoalScorers (gameid,playerid,teamid,numgoals,numassists) VALUES (26,2216384,211,2,0);
INSERT INTO tblDatGoalScorers (gameid,playerid,teamid,numgoals,numassists) VALUES (26,2227490,211,1,0);
INSERT INTO tblDatGoalScorers (gameid,playerid,teamid,numgoals,numassists) VALUES (27,2204044,212,1,0);
INSERT INTO tblDatGoalScorers (gameid,playerid,teamid,numgoals,numassists) VALUES (27,2020178,212,1,0);
INSERT INTO tblDatGoalScorers (gameid,playerid,teamid,numgoals,numassists) VALUES (27,2027582,212,1,0);
INSERT INTO tblDatGoalScorers (gameid,playerid,teamid,numgoals,numassists) VALUES (27,2208980,212,1,0);
INSERT INTO tblDatGoalScorers (gameid,playerid,teamid,numgoals,numassists) VALUES (29,2290424,216,3,0);
INSERT INTO tblDatGoalScorers (gameid,playerid,teamid,numgoals,numassists) VALUES (29,2181832,220,2,0);
INSERT INTO tblDatGoalScorers (gameid,playerid,teamid,numgoals,numassists) VALUES (29,2191704,220,1,0);
INSERT INTO tblDatGoalScorers (gameid,playerid,teamid,numgoals,numassists) VALUES (29,2197874,220,1,0);
INSERT INTO tblDatGoalScorers (gameid,playerid,teamid,numgoals,numassists) VALUES (30,2216384,211,1,0);
INSERT INTO tblDatGoalScorers (gameid,playerid,teamid,numgoals,numassists) VALUES (31,2270680,222,1,0);
INSERT INTO tblDatGoalScorers (gameid,playerid,teamid,numgoals,numassists) VALUES (31,2276850,222,1,0);
INSERT INTO tblDatGoalScorers (gameid,playerid,teamid,numgoals,numassists) VALUES (31,1600618,218,1,0);
INSERT INTO tblDatGoalScorers (gameid,playerid,teamid,numgoals,numassists) VALUES (32,1960946,210,2,0);
INSERT INTO tblDatGoalScorers (gameid,playerid,teamid,numgoals,numassists) VALUES (32,2300296,210,1,0);
INSERT INTO tblDatGoalScorers (gameid,playerid,teamid,numgoals,numassists) VALUES (33,2216384,211,1,0);
INSERT INTO tblDatGoalScorers (gameid,playerid,teamid,numgoals,numassists) VALUES (33,2276850,222,2,0);
INSERT INTO tblDatGoalScorers (gameid,playerid,teamid,numgoals,numassists) VALUES (33,2299062,222,1,0);
INSERT INTO tblDatGoalScorers (gameid,playerid,teamid,numgoals,numassists) VALUES (33,2285488,222,1,0);
INSERT INTO tblDatGoalScorers (gameid,playerid,teamid,numgoals,numassists) VALUES (34,2190470,220,1,0);
INSERT INTO tblDatGoalScorers (gameid,playerid,teamid,numgoals,numassists) VALUES (34,2197874,220,1,0);
INSERT INTO tblDatGoalScorers (gameid,playerid,teamid,numgoals,numassists) VALUES (35,1993030,214,1,0);
INSERT INTO tblDatGoalScorers (gameid,playerid,teamid,numgoals,numassists) VALUES (35,2253404,223,2,0);
INSERT INTO tblDatGoalScorers (gameid,playerid,teamid,numgoals,numassists) VALUES (36,2201576,215,4,0);
INSERT INTO tblDatGoalScorers (gameid,playerid,teamid,numgoals,numassists) VALUES (36,1820270,215,1,0);
INSERT INTO tblDatGoalScorers (gameid,playerid,teamid,numgoals,numassists) VALUES (37,2179364,220,2,0);
INSERT INTO tblDatGoalScorers (gameid,playerid,teamid,numgoals,numassists) VALUES (37,2190470,220,1,0);
INSERT INTO tblDatGoalScorers (gameid,playerid,teamid,numgoals,numassists) VALUES (37,1585810,218,1,0);
INSERT INTO tblDatGoalScorers (gameid,playerid,teamid,numgoals,numassists) VALUES (38,2204044,212,1,0);
INSERT INTO tblDatGoalScorers (gameid,playerid,teamid,numgoals,numassists) VALUES (38,2316338,212,1,0);
INSERT INTO tblDatGoalScorers (gameid,playerid,teamid,numgoals,numassists) VALUES (38,2027582,212,1,0);
INSERT INTO tblDatGoalScorers (gameid,playerid,teamid,numgoals,numassists) VALUES (39,2317572,215,4,0);
INSERT INTO tblDatGoalScorers (gameid,playerid,teamid,numgoals,numassists) VALUES (39,2201576,215,2,0);
INSERT INTO tblDatGoalScorers (gameid,playerid,teamid,numgoals,numassists) VALUES (39,1809164,215,1,0);
INSERT INTO tblDatGoalScorers (gameid,playerid,teamid,numgoals,numassists) VALUES (39,2200342,215,2,0);
INSERT INTO tblDatGoalScorers (gameid,playerid,teamid,numgoals,numassists) VALUES (39,2226256,211,1,0);
INSERT INTO tblDatGoalScorers (gameid,playerid,teamid,numgoals,numassists) VALUES (40,2287956,222,3,0);
INSERT INTO tblDatGoalScorers (gameid,playerid,teamid,numgoals,numassists) VALUES (40,1967116,210,1,0);
INSERT INTO tblDatGoalScorers (gameid,playerid,teamid,numgoals,numassists) VALUES (41,2263276,223,1,0);
INSERT INTO tblDatGoalScorers (gameid,playerid,teamid,numgoals,numassists) VALUES (42,2204044,212,3,0);
INSERT INTO tblDatGoalScorers (gameid,playerid,teamid,numgoals,numassists) VALUES (43,2281786,222,1,0);
INSERT INTO tblDatGoalScorers (gameid,playerid,teamid,numgoals,numassists) VALUES (43,2285488,222,1,0);
INSERT INTO tblDatGoalScorers (gameid,playerid,teamid,numgoals,numassists) VALUES (44,2263276,223,1,0);
INSERT INTO tblDatGoalScorers (gameid,playerid,teamid,numgoals,numassists) VALUES (44,2253404,223,1,0);
INSERT INTO tblDatGoalScorers (gameid,playerid,teamid,numgoals,numassists) VALUES (44,2184300,220,1,0);
INSERT INTO tblDatGoalScorers (gameid,playerid,teamid,numgoals,numassists) VALUES (44,2192938,220,1,0);
INSERT INTO tblDatGoalScorers (gameid,playerid,teamid,numgoals,numassists) VALUES (45,1994264,214,3,0);
INSERT INTO tblDatGoalScorers (gameid,playerid,teamid,numgoals,numassists) VALUES (45,1842482,214,1,0);
INSERT INTO tblDatGoalScorers (gameid,playerid,teamid,numgoals,numassists) VALUES (46,1954776,215,2,0);
INSERT INTO tblDatGoalScorers (gameid,playerid,teamid,numgoals,numassists) VALUES (46,2201576,215,2,0);
INSERT INTO tblDatGoalScorers (gameid,playerid,teamid,numgoals,numassists) VALUES (46,2200342,215,1,0);
INSERT INTO tblDatGoalScorers (gameid,playerid,teamid,numgoals,numassists) VALUES (47,2143578,218,1,0);
INSERT INTO tblDatGoalScorers (gameid,playerid,teamid,numgoals,numassists) VALUES (47,1726486,218,1,0);
INSERT INTO tblDatGoalScorers (gameid,playerid,teamid,numgoals,numassists) VALUES (48,2190470,220,1,0);
INSERT INTO tblDatGoalScorers (gameid,playerid,teamid,numgoals,numassists) VALUES (48,2192938,220,1,0);
INSERT INTO tblDatGoalScorers (gameid,playerid,teamid,numgoals,numassists) VALUES (48,1994264,214,1,0);
INSERT INTO tblDatGoalScorers (gameid,playerid,teamid,numgoals,numassists) VALUES (49,2213916,211,1,0);
INSERT INTO tblDatGoalScorers (gameid,playerid,teamid,numgoals,numassists) VALUES (49,2216384,211,1,0);
INSERT INTO tblDatGoalScorers (gameid,playerid,teamid,numgoals,numassists) VALUES (50,1967116,210,1,0);
INSERT INTO tblDatGoalScorers (gameid,playerid,teamid,numgoals,numassists) VALUES (50,1960946,210,1,0);
INSERT INTO tblDatGoalScorers (gameid,playerid,teamid,numgoals,numassists) VALUES (51,2270680,222,1,0);
INSERT INTO tblDatGoalScorers (gameid,playerid,teamid,numgoals,numassists) VALUES (51,2278084,222,1,0);
INSERT INTO tblDatGoalScorers (gameid,playerid,teamid,numgoals,numassists) VALUES (52,2270680,222,1,0);
INSERT INTO tblDatGoalScorers (gameid,playerid,teamid,numgoals,numassists) VALUES (52,2274382,222,1,0);
INSERT INTO tblDatGoalScorers (gameid,playerid,teamid,numgoals,numassists) VALUES (54,1585810,218,1,0);
INSERT INTO tblDatGoalScorers (gameid,playerid,teamid,numgoals,numassists) VALUES (55,2281786,222,1,0);
INSERT INTO tblDatGoalScorers (gameid,playerid,teamid,numgoals,numassists) VALUES (56,2253404,223,1,0);
INSERT INTO tblDatGoalScorers (gameid,playerid,teamid,numgoals,numassists) VALUES (56,2065836,223,1,0);
INSERT INTO tblDatGoalScorers (gameid,playerid,teamid,numgoals,numassists) VALUES (56,2202810,215,1,0);
INSERT INTO tblDatGoalScorers (gameid,playerid,teamid,numgoals,numassists) VALUES (56,2201576,215,1,0);
INSERT INTO tblDatGoalScorers (gameid,playerid,teamid,numgoals,numassists) VALUES (57,2308934,216,1,0);
INSERT INTO tblDatGoalScorers (gameid,playerid,teamid,numgoals,numassists) VALUES (58,2216384,211,1,0);
INSERT INTO tblDatGoalScorers (gameid,playerid,teamid,numgoals,numassists) VALUES (58,2186768,220,3,0);
INSERT INTO tblDatGoalScorers (gameid,playerid,teamid,numgoals,numassists) VALUES (58,2196640,220,1,0);
INSERT INTO tblDatGoalScorers (gameid,playerid,teamid,numgoals,numassists) VALUES (59,2287956,222,1,0);
INSERT INTO tblDatGoalScorers (gameid,playerid,teamid,numgoals,numassists) VALUES (59,2281786,222,3,0);
INSERT INTO tblDatGoalScorers (gameid,playerid,teamid,numgoals,numassists) VALUES (60,2210214,211,1,0);
INSERT INTO tblDatGoalScorers (gameid,playerid,teamid,numgoals,numassists) VALUES (60,2143578,218,1,0);
INSERT INTO tblDatGoalScorers (gameid,playerid,teamid,numgoals,numassists) VALUES (60,1983158,218,1,0);
INSERT INTO tblDatGoalScorers (gameid,playerid,teamid,numgoals,numassists) VALUES (60,1585810,218,1,0);
INSERT INTO tblDatGoalScorers (gameid,playerid,teamid,numgoals,numassists) VALUES (61,2201576,215,5,0);
INSERT INTO tblDatGoalScorers (gameid,playerid,teamid,numgoals,numassists) VALUES (61,1820270,215,1,0);
INSERT INTO tblDatGoalScorers (gameid,playerid,teamid,numgoals,numassists) VALUES (61,2242298,214,1,0);
INSERT INTO tblDatGoalScorers (gameid,playerid,teamid,numgoals,numassists) VALUES (61,1994264,214,1,0);
INSERT INTO tblDatGoalScorers (gameid,playerid,teamid,numgoals,numassists) VALUES (62,2270680,222,1,0);
INSERT INTO tblDatGoalScorers (gameid,playerid,teamid,numgoals,numassists) VALUES (62,2179364,220,1,0);
INSERT INTO tblDatGoalScorers (gameid,playerid,teamid,numgoals,numassists) VALUES (62,2190470,220,1,0);
INSERT INTO tblDatGoalScorers (gameid,playerid,teamid,numgoals,numassists) VALUES (64,2204044,212,1,0);
INSERT INTO tblDatGoalScorers (gameid,playerid,teamid,numgoals,numassists) VALUES (64,2027582,212,1,0);
INSERT INTO tblDatGoalScorers (gameid,playerid,teamid,numgoals,numassists) VALUES (64,2303998,216,2,0);
INSERT INTO tblDatGoalScorers (gameid,playerid,teamid,numgoals,numassists) VALUES (64,2153450,216,1,0);
INSERT INTO tblDatGoalScorers (gameid,playerid,teamid,numgoals,numassists) VALUES (64,2290424,216,2,0);
INSERT INTO tblDatGoalScorers (gameid,playerid,teamid,numgoals,numassists) VALUES (65,2270680,222,1,0);
INSERT INTO tblDatGoalScorers (gameid,playerid,teamid,numgoals,numassists) VALUES (65,2274382,222,1,0);
INSERT INTO tblDatGoalScorers (gameid,playerid,teamid,numgoals,numassists) VALUES (65,2287956,222,1,0);
INSERT INTO tblDatGoalScorers (gameid,playerid,teamid,numgoals,numassists) VALUES (65,2285488,222,1,0);
INSERT INTO tblDatGoalScorers (gameid,playerid,teamid,numgoals,numassists) VALUES (66,2143578,218,1,0);
INSERT INTO tblDatGoalScorers (gameid,playerid,teamid,numgoals,numassists) VALUES (66,1726486,218,1,0);
INSERT INTO tblDatGoalScorers (gameid,playerid,teamid,numgoals,numassists) VALUES (67,2253404,223,5,0);
INSERT INTO tblDatGoalScorers (gameid,playerid,teamid,numgoals,numassists) VALUES (67,2257106,223,2,0);
INSERT INTO tblDatGoalScorers (gameid,playerid,teamid,numgoals,numassists) VALUES (67,2160854,223,1,0);
INSERT INTO tblDatGoalScorers (gameid,playerid,teamid,numgoals,numassists) VALUES (68,2242298,214,1,0);
INSERT INTO tblDatGoalScorers (gameid,playerid,teamid,numgoals,numassists) VALUES (68,1994264,214,1,0);
INSERT INTO tblDatGoalScorers (gameid,playerid,teamid,numgoals,numassists) VALUES (68,2170726,210,1,0);
INSERT INTO tblDatGoalScorers (gameid,playerid,teamid,numgoals,numassists) VALUES (68,2300296,210,2,0);
INSERT INTO tblDatGoalScorers (gameid,playerid,teamid,numgoals,numassists) VALUES (69,1820270,215,1,0);
INSERT INTO tblDatGoalScorers (gameid,playerid,teamid,numgoals,numassists) VALUES (70,2216384,211,1,0);
INSERT INTO tblDatGoalScorers (gameid,playerid,teamid,numgoals,numassists) VALUES (70,2220086,211,1,0);
INSERT INTO tblDatGoalScorers (gameid,playerid,teamid,numgoals,numassists) VALUES (70,1840014,214,1,0);
INSERT INTO tblDatGoalScorers (gameid,playerid,teamid,numgoals,numassists) VALUES (70,2242298,214,4,0);
INSERT INTO tblDatGoalScorers (gameid,playerid,teamid,numgoals,numassists) VALUES (71,2317572,215,2,0);
INSERT INTO tblDatGoalScorers (gameid,playerid,teamid,numgoals,numassists) VALUES (71,2201576,215,1,0);
INSERT INTO tblDatGoalScorers (gameid,playerid,teamid,numgoals,numassists) VALUES (71,1953542,215,1,0);
INSERT INTO tblDatGoalScorers (gameid,playerid,teamid,numgoals,numassists) VALUES (71,2126302,215,1,0);
INSERT INTO tblDatGoalScorers (gameid,playerid,teamid,numgoals,numassists) VALUES (71,2020178,212,1,0);
INSERT INTO tblDatGoalScorers (gameid,playerid,teamid,numgoals,numassists) VALUES (72,2232426,210,1,0);
INSERT INTO tblDatGoalScorers (gameid,playerid,teamid,numgoals,numassists) VALUES (72,2191704,220,2,0);
INSERT INTO tblDatGoalScorers (gameid,playerid,teamid,numgoals,numassists) VALUES (72,2194172,220,1,0);
INSERT INTO tblDatGoalScorers (gameid,playerid,teamid,numgoals,numassists) VALUES (72,2199108,220,1,0);
INSERT INTO tblDatGoalScorers (gameid,playerid,teamid,numgoals,numassists) VALUES (73,2278084,222,1,0);
INSERT INTO tblDatGoalScorers (gameid,playerid,teamid,numgoals,numassists) VALUES (73,2279318,222,2,0);
INSERT INTO tblDatGoalScorers (gameid,playerid,teamid,numgoals,numassists) VALUES (73,2281786,222,1,0);
INSERT INTO tblDatGoalScorers (gameid,playerid,teamid,numgoals,numassists) VALUES (73,2285488,222,1,0);
INSERT INTO tblDatGoalScorers (gameid,playerid,teamid,numgoals,numassists) VALUES (74,1585810,218,1,0);
INSERT INTO tblDatGoalScorers (gameid,playerid,teamid,numgoals,numassists) VALUES (74,2253404,223,2,0);
INSERT INTO tblDatGoalScorers (gameid,playerid,teamid,numgoals,numassists) VALUES (75,1994264,214,1,0);
INSERT INTO tblDatGoalScorers (gameid,playerid,teamid,numgoals,numassists) VALUES (75,1842482,214,1,0);
INSERT INTO tblDatGoalScorers (gameid,playerid,teamid,numgoals,numassists) VALUES (75,1600618,218,1,0);
INSERT INTO tblDatGoalScorers (gameid,playerid,teamid,numgoals,numassists) VALUES (76,2216384,211,3,0);
INSERT INTO tblDatGoalScorers (gameid,playerid,teamid,numgoals,numassists) VALUES (76,2226256,211,2,0);
INSERT INTO tblDatGoalScorers (gameid,playerid,teamid,numgoals,numassists) VALUES (76,2170726,210,1,0);
INSERT INTO tblDatGoalScorers (gameid,playerid,teamid,numgoals,numassists) VALUES (77,2270680,222,1,0);
INSERT INTO tblDatGoalScorers (gameid,playerid,teamid,numgoals,numassists) VALUES (77,2296594,222,1,0);
INSERT INTO tblDatGoalScorers (gameid,playerid,teamid,numgoals,numassists) VALUES (78,2179364,220,1,0);
INSERT INTO tblDatGoalScorers (gameid,playerid,teamid,numgoals,numassists) VALUES (78,2180598,220,1,0);
INSERT INTO tblDatGoalScorers (gameid,playerid,teamid,numgoals,numassists) VALUES (78,2197874,220,3,0);
INSERT INTO tblDatGoalScorers (gameid,playerid,teamid,numgoals,numassists) VALUES (78,2308934,216,1,0);
INSERT INTO tblDatGoalScorers (gameid,playerid,teamid,numgoals,numassists) VALUES (78,2153450,216,1,0);
INSERT INTO tblDatGoalScorers (gameid,playerid,teamid,numgoals,numassists) VALUES (78,2290424,216,1,0);
INSERT INTO tblDatGoalScorers (gameid,playerid,teamid,numgoals,numassists) VALUES (79,2263276,223,1,0);
INSERT INTO tblDatGoalScorers (gameid,playerid,teamid,numgoals,numassists) VALUES (79,2253404,223,2,0);
INSERT INTO tblDatGoalScorers (gameid,playerid,teamid,numgoals,numassists) VALUES (79,2257106,223,1,0);
INSERT INTO tblDatGoalScorers (gameid,playerid,teamid,numgoals,numassists) VALUES (80,2001668,214,1,0);
INSERT INTO tblDatGoalScorers (gameid,playerid,teamid,numgoals,numassists) VALUES (80,1994264,214,1,0);
INSERT INTO tblDatGoalScorers (gameid,playerid,teamid,numgoals,numassists) VALUES (81,2270680,222,2,0);
INSERT INTO tblDatGoalScorers (gameid,playerid,teamid,numgoals,numassists) VALUES (81,2296594,222,1,0);
INSERT INTO tblDatGoalScorers (gameid,playerid,teamid,numgoals,numassists) VALUES (81,2276850,222,3,0);
INSERT INTO tblDatGoalScorers (gameid,playerid,teamid,numgoals,numassists) VALUES (81,2280552,222,2,0);
INSERT INTO tblDatGoalScorers (gameid,playerid,teamid,numgoals,numassists) VALUES (82,2143578,218,1,0);
INSERT INTO tblDatGoalScorers (gameid,playerid,teamid,numgoals,numassists) VALUES (82,1585810,218,1,0);
INSERT INTO tblDatGoalScorers (gameid,playerid,teamid,numgoals,numassists) VALUES (83,2201576,215,5,0);
INSERT INTO tblDatGoalScorers (gameid,playerid,teamid,numgoals,numassists) VALUES (83,1820270,215,1,0);
INSERT INTO tblDatGoalScorers (gameid,playerid,teamid,numgoals,numassists) VALUES (84,2179364,220,1,0);
INSERT INTO tblDatGoalScorers (gameid,playerid,teamid,numgoals,numassists) VALUES (84,2181832,220,1,0);
INSERT INTO tblDatGoalScorers (gameid,playerid,teamid,numgoals,numassists) VALUES (84,2190470,220,2,0);
INSERT INTO tblDatGoalScorers (gameid,playerid,teamid,numgoals,numassists) VALUES (85,2322508,212,1,0);
INSERT INTO tblDatGoalScorers (gameid,playerid,teamid,numgoals,numassists) VALUES (85,2208980,212,1,0);
INSERT INTO tblDatGoalScorers (gameid,playerid,teamid,numgoals,numassists) VALUES (85,2321274,212,1,0);
INSERT INTO tblDatGoalScorers (gameid,playerid,teamid,numgoals,numassists) VALUES (86,2236128,210,2,0);
INSERT INTO tblDatGoalScorers (gameid,playerid,teamid,numgoals,numassists) VALUES (86,2276850,222,1,0);
INSERT INTO tblDatGoalScorers (gameid,playerid,teamid,numgoals,numassists) VALUES (86,2320040,222,1,0);
INSERT INTO tblDatGoalScorers (gameid,playerid,teamid,numgoals,numassists) VALUES (87,2216384,211,1,0);
INSERT INTO tblDatGoalScorers (gameid,playerid,teamid,numgoals,numassists) VALUES (87,2201576,215,2,0);
INSERT INTO tblDatGoalScorers (gameid,playerid,teamid,numgoals,numassists) VALUES (87,1820270,215,3,0);
INSERT INTO tblDatGoalScorers (gameid,playerid,teamid,numgoals,numassists) VALUES (87,1809164,215,1,0);
INSERT INTO tblDatGoalScorers (gameid,playerid,teamid,numgoals,numassists) VALUES (88,2179364,220,1,0);
INSERT INTO tblDatGoalScorers (gameid,playerid,teamid,numgoals,numassists) VALUES (89,2263276,223,1,0);
INSERT INTO tblDatGoalScorers (gameid,playerid,teamid,numgoals,numassists) VALUES (89,2253404,223,2,0);
INSERT INTO tblDatGoalScorers (gameid,playerid,teamid,numgoals,numassists) VALUES (89,2323742,223,1,0);
INSERT INTO tblDatGoalScorers (gameid,playerid,teamid,numgoals,numassists) VALUES (89,2318806,216,1,0);
INSERT INTO tblDatGoalScorers (gameid,playerid,teamid,numgoals,numassists) VALUES (89,2308934,216,1,0);
INSERT INTO tblDatGoalScorers (gameid,playerid,teamid,numgoals,numassists) VALUES (89,2153450,216,1,0);
INSERT INTO tblDatGoalScorers (gameid,playerid,teamid,numgoals,numassists) VALUES (89,2290424,216,3,0);
INSERT INTO tblDatGoalScorers (gameid,playerid,teamid,numgoals,numassists) VALUES (90,2143578,218,1,0);
INSERT INTO tblDatGoalScorers (gameid,playerid,teamid,numgoals,numassists) VALUES (90,1585810,218,1,0);
INSERT INTO tblDatGoalScorers (gameid,playerid,teamid,numgoals,numassists) VALUES (91,2249702,216,1,0);
INSERT INTO tblDatGoalScorers (gameid,playerid,teamid,numgoals,numassists) VALUES (91,2153450,216,1,0);
INSERT INTO tblDatGoalScorers (gameid,playerid,teamid,numgoals,numassists) VALUES (91,2290424,216,1,0);
INSERT INTO tblDatGoalScorers (gameid,playerid,teamid,numgoals,numassists) VALUES (93,1820270,215,2,0);
INSERT INTO tblDatGoalScorers (gameid,playerid,teamid,numgoals,numassists) VALUES (94,2190470,220,4,0);
INSERT INTO tblDatGoalScorers (gameid,playerid,teamid,numgoals,numassists) VALUES (94,2254638,223,1,0);
INSERT INTO tblDatGoalScorers (gameid,playerid,teamid,numgoals,numassists) VALUES (95,2295360,222,2,0);
INSERT INTO tblDatGoalScorers (gameid,playerid,teamid,numgoals,numassists) VALUES (96,2233660,210,3,0);
INSERT INTO tblDatGoalScorers (gameid,playerid,teamid,numgoals,numassists) VALUES (98,2242298,214,1,0);
INSERT INTO tblDatGoalScorers (gameid,playerid,teamid,numgoals,numassists) VALUES (98,2123834,214,1,0);
INSERT INTO tblDatGoalScorers (gameid,playerid,teamid,numgoals,numassists) VALUES (98,2179364,220,1,0);
INSERT INTO tblDatGoalScorers (gameid,playerid,teamid,numgoals,numassists) VALUES (98,2189236,220,1,0);
INSERT INTO tblDatGoalScorers (gameid,playerid,teamid,numgoals,numassists) VALUES (99,2216384,211,2,0);
COMMIT;


-- PLayers/Teams
INSERT INTO tblJncRosters (playerid, teamid, isactive, jerseynumber)VALUES (963874,212,1,66);
INSERT INTO tblJncRosters (playerid, teamid, isactive, jerseynumber)VALUES (1000894,221,1,58);
INSERT INTO tblJncRosters (playerid, teamid, isactive, jerseynumber)VALUES (1003362,221,1,23);
INSERT INTO tblJncRosters (playerid, teamid, isactive, jerseynumber)VALUES (1019404,214,1,9);
INSERT INTO tblJncRosters (playerid, teamid, isactive, jerseynumber)VALUES (1032978,214,1,48);
INSERT INTO tblJncRosters (playerid, teamid, isactive, jerseynumber)VALUES (1341478,221,1,56);
INSERT INTO tblJncRosters (playerid, teamid, isactive, jerseynumber)VALUES (1401944,214,1,2);
INSERT INTO tblJncRosters (playerid, teamid, isactive, jerseynumber)VALUES (1585810,218,1,67);
INSERT INTO tblJncRosters (playerid, teamid, isactive, jerseynumber)VALUES (1589512,218,1,10);
INSERT INTO tblJncRosters (playerid, teamid, isactive, jerseynumber)VALUES (1599384,218,1,69);
INSERT INTO tblJncRosters (playerid, teamid, isactive, jerseynumber)VALUES (1600618,218,1,55);
INSERT INTO tblJncRosters (playerid, teamid, isactive, jerseynumber)VALUES (1726486,218,1,79);
INSERT INTO tblJncRosters (playerid, teamid, isactive, jerseynumber)VALUES (1743762,214,1,13);
INSERT INTO tblJncRosters (playerid, teamid, isactive, jerseynumber)VALUES (1746230,221,1,31);
INSERT INTO tblJncRosters (playerid, teamid, isactive, jerseynumber)VALUES (1761038,216,1,30);
INSERT INTO tblJncRosters (playerid, teamid, isactive, jerseynumber)VALUES (1809164,215,1,21);
INSERT INTO tblJncRosters (playerid, teamid, isactive, jerseynumber)VALUES (1815334,215,1,90);
INSERT INTO tblJncRosters (playerid, teamid, isactive, jerseynumber)VALUES (1819036,215,1,57);
INSERT INTO tblJncRosters (playerid, teamid, isactive, jerseynumber)VALUES (1820270,215,1,87);
INSERT INTO tblJncRosters (playerid, teamid, isactive, jerseynumber)VALUES (1821504,215,1,24);
INSERT INTO tblJncRosters (playerid, teamid, isactive, jerseynumber)VALUES (1822738,215,1,45);
INSERT INTO tblJncRosters (playerid, teamid, isactive, jerseynumber)VALUES (1840014,214,1,19);
INSERT INTO tblJncRosters (playerid, teamid, isactive, jerseynumber)VALUES (1842482,214,1,17);
INSERT INTO tblJncRosters (playerid, teamid, isactive, jerseynumber)VALUES (1868396,221,1,80);
INSERT INTO tblJncRosters (playerid, teamid, isactive, jerseynumber)VALUES (1875800,221,1,1);
INSERT INTO tblJncRosters (playerid, teamid, isactive, jerseynumber)VALUES (1900480,216,1,92);
INSERT INTO tblJncRosters (playerid, teamid, isactive, jerseynumber)VALUES (1918990,216,1,68);
INSERT INTO tblJncRosters (playerid, teamid, isactive, jerseynumber)VALUES (1937500,215,1,31);
INSERT INTO tblJncRosters (playerid, teamid, isactive, jerseynumber)VALUES (1953542,215,1,58);
INSERT INTO tblJncRosters (playerid, teamid, isactive, jerseynumber)VALUES (1954776,215,1,36);
INSERT INTO tblJncRosters (playerid, teamid, isactive, jerseynumber)VALUES (1959712,210,1,34);
INSERT INTO tblJncRosters (playerid, teamid, isactive, jerseynumber)VALUES (1960946,210,1,46);
INSERT INTO tblJncRosters (playerid, teamid, isactive, jerseynumber)VALUES (1962180,210,1,88);
INSERT INTO tblJncRosters (playerid, teamid, isactive, jerseynumber)VALUES (1963414,210,1,84);
INSERT INTO tblJncRosters (playerid, teamid, isactive, jerseynumber)VALUES (1967116,210,1,38);
INSERT INTO tblJncRosters (playerid, teamid, isactive, jerseynumber)VALUES (1978222,210,1,51);
INSERT INTO tblJncRosters (playerid, teamid, isactive, jerseynumber)VALUES (1983158,218,1,49);
INSERT INTO tblJncRosters (playerid, teamid, isactive, jerseynumber)VALUES (1985626,218,1,14);
INSERT INTO tblJncRosters (playerid, teamid, isactive, jerseynumber)VALUES (1986860,218,1,81);
INSERT INTO tblJncRosters (playerid, teamid, isactive, jerseynumber)VALUES (1993030,214,1,19);
INSERT INTO tblJncRosters (playerid, teamid, isactive, jerseynumber)VALUES (1994264,214,1,35);
INSERT INTO tblJncRosters (playerid, teamid, isactive, jerseynumber)VALUES (2001668,214,1,46);
INSERT INTO tblJncRosters (playerid, teamid, isactive, jerseynumber)VALUES (2002902,221,1,77);
INSERT INTO tblJncRosters (playerid, teamid, isactive, jerseynumber)VALUES (2004136,221,1,1);
INSERT INTO tblJncRosters (playerid, teamid, isactive, jerseynumber)VALUES (2005370,221,1,30);
INSERT INTO tblJncRosters (playerid, teamid, isactive, jerseynumber)VALUES (2006604,221,1,43);
INSERT INTO tblJncRosters (playerid, teamid, isactive, jerseynumber)VALUES (2007838,221,1,34);
INSERT INTO tblJncRosters (playerid, teamid, isactive, jerseynumber)VALUES (2009072,221,1,58);
INSERT INTO tblJncRosters (playerid, teamid, isactive, jerseynumber)VALUES (2010306,221,1,46);
INSERT INTO tblJncRosters (playerid, teamid, isactive, jerseynumber)VALUES (2011540,221,1,27);
INSERT INTO tblJncRosters (playerid, teamid, isactive, jerseynumber)VALUES (2012774,221,1,5);
INSERT INTO tblJncRosters (playerid, teamid, isactive, jerseynumber)VALUES (2014008,221,1,67);
INSERT INTO tblJncRosters (playerid, teamid, isactive, jerseynumber)VALUES (2015242,221,1,64);
INSERT INTO tblJncRosters (playerid, teamid, isactive, jerseynumber)VALUES (2016476,221,1,63);
INSERT INTO tblJncRosters (playerid, teamid, isactive, jerseynumber)VALUES (2017710,212,1,80);
INSERT INTO tblJncRosters (playerid, teamid, isactive, jerseynumber)VALUES (2020178,212,1,85);
INSERT INTO tblJncRosters (playerid, teamid, isactive, jerseynumber)VALUES (2021412,212,1,69);
INSERT INTO tblJncRosters (playerid, teamid, isactive, jerseynumber)VALUES (2025114,212,1,97);
INSERT INTO tblJncRosters (playerid, teamid, isactive, jerseynumber)VALUES (2027582,212,1,26);
INSERT INTO tblJncRosters (playerid, teamid, isactive, jerseynumber)VALUES (2054730,223,1,36);
INSERT INTO tblJncRosters (playerid, teamid, isactive, jerseynumber)VALUES (2055964,223,1,64);
INSERT INTO tblJncRosters (playerid, teamid, isactive, jerseynumber)VALUES (2060900,223,1,85);
INSERT INTO tblJncRosters (playerid, teamid, isactive, jerseynumber)VALUES (2062134,223,1,79);
INSERT INTO tblJncRosters (playerid, teamid, isactive, jerseynumber)VALUES (2063368,223,1,94);
INSERT INTO tblJncRosters (playerid, teamid, isactive, jerseynumber)VALUES (2065836,223,1,19);
INSERT INTO tblJncRosters (playerid, teamid, isactive, jerseynumber)VALUES (2067070,223,1,79);
INSERT INTO tblJncRosters (playerid, teamid, isactive, jerseynumber)VALUES (2068304,223,1,96);
INSERT INTO tblJncRosters (playerid, teamid, isactive, jerseynumber)VALUES (2069538,223,1,5);
INSERT INTO tblJncRosters (playerid, teamid, isactive, jerseynumber)VALUES (2073240,223,1,45);
INSERT INTO tblJncRosters (playerid, teamid, isactive, jerseynumber)VALUES (2074474,223,1,62);
INSERT INTO tblJncRosters (playerid, teamid, isactive, jerseynumber)VALUES (2076942,223,1,56);
INSERT INTO tblJncRosters (playerid, teamid, isactive, jerseynumber)VALUES (2078176,223,1,99);
INSERT INTO tblJncRosters (playerid, teamid, isactive, jerseynumber)VALUES (2084346,225,1,35);
INSERT INTO tblJncRosters (playerid, teamid, isactive, jerseynumber)VALUES (2086814,225,1,9);
INSERT INTO tblJncRosters (playerid, teamid, isactive, jerseynumber)VALUES (2088048,225,1,86);
INSERT INTO tblJncRosters (playerid, teamid, isactive, jerseynumber)VALUES (2090516,225,1,73);
INSERT INTO tblJncRosters (playerid, teamid, isactive, jerseynumber)VALUES (2091750,225,1,53);
INSERT INTO tblJncRosters (playerid, teamid, isactive, jerseynumber)VALUES (2092984,225,1,14);
INSERT INTO tblJncRosters (playerid, teamid, isactive, jerseynumber)VALUES (2094218,225,1,80);
INSERT INTO tblJncRosters (playerid, teamid, isactive, jerseynumber)VALUES (2095452,225,1,54);
INSERT INTO tblJncRosters (playerid, teamid, isactive, jerseynumber)VALUES (2096686,225,1,39);
INSERT INTO tblJncRosters (playerid, teamid, isactive, jerseynumber)VALUES (2097920,225,1,56);
INSERT INTO tblJncRosters (playerid, teamid, isactive, jerseynumber)VALUES (2099154,225,1,49);
INSERT INTO tblJncRosters (playerid, teamid, isactive, jerseynumber)VALUES (2100388,225,1,99);
INSERT INTO tblJncRosters (playerid, teamid, isactive, jerseynumber)VALUES (2101622,225,1,39);
INSERT INTO tblJncRosters (playerid, teamid, isactive, jerseynumber)VALUES (2102856,225,1,40);
INSERT INTO tblJncRosters (playerid, teamid, isactive, jerseynumber)VALUES (2104090,225,1,49);
INSERT INTO tblJncRosters (playerid, teamid, isactive, jerseynumber)VALUES (2105324,225,1,76);
INSERT INTO tblJncRosters (playerid, teamid, isactive, jerseynumber)VALUES (2106558,225,1,35);
INSERT INTO tblJncRosters (playerid, teamid, isactive, jerseynumber)VALUES (2107792,225,1,97);
INSERT INTO tblJncRosters (playerid, teamid, isactive, jerseynumber)VALUES (2109026,225,1,69);
INSERT INTO tblJncRosters (playerid, teamid, isactive, jerseynumber)VALUES (2110260,225,1,59);
INSERT INTO tblJncRosters (playerid, teamid, isactive, jerseynumber)VALUES (2111494,225,1,70);
INSERT INTO tblJncRosters (playerid, teamid, isactive, jerseynumber)VALUES (2115196,212,1,26);
INSERT INTO tblJncRosters (playerid, teamid, isactive, jerseynumber)VALUES (2121366,214,1,99);
INSERT INTO tblJncRosters (playerid, teamid, isactive, jerseynumber)VALUES (2122600,214,1,54);
INSERT INTO tblJncRosters (playerid, teamid, isactive, jerseynumber)VALUES (2123834,214,1,18);
INSERT INTO tblJncRosters (playerid, teamid, isactive, jerseynumber)VALUES (2126302,215,1,56);
INSERT INTO tblJncRosters (playerid, teamid, isactive, jerseynumber)VALUES (2130004,210,1,72);
INSERT INTO tblJncRosters (playerid, teamid, isactive, jerseynumber)VALUES (2131238,215,1,29);
INSERT INTO tblJncRosters (playerid, teamid, isactive, jerseynumber)VALUES (2133706,225,1,84);
INSERT INTO tblJncRosters (playerid, teamid, isactive, jerseynumber)VALUES (2138642,210,1,87);
INSERT INTO tblJncRosters (playerid, teamid, isactive, jerseynumber)VALUES (2141110,216,1,61);
INSERT INTO tblJncRosters (playerid, teamid, isactive, jerseynumber)VALUES (2143578,218,1,59);
INSERT INTO tblJncRosters (playerid, teamid, isactive, jerseynumber)VALUES (2144812,221,1,44);
INSERT INTO tblJncRosters (playerid, teamid, isactive, jerseynumber)VALUES (2146046,218,1,35);
INSERT INTO tblJncRosters (playerid, teamid, isactive, jerseynumber)VALUES (2153450,216,1,18);
INSERT INTO tblJncRosters (playerid, teamid, isactive, jerseynumber)VALUES (2155918,216,1,91);
INSERT INTO tblJncRosters (playerid, teamid, isactive, jerseynumber)VALUES (2159620,225,1,91);
INSERT INTO tblJncRosters (playerid, teamid, isactive, jerseynumber)VALUES (2160854,223,1,78);
INSERT INTO tblJncRosters (playerid, teamid, isactive, jerseynumber)VALUES (2162088,221,1,91);
INSERT INTO tblJncRosters (playerid, teamid, isactive, jerseynumber)VALUES (2170726,210,1,35);
INSERT INTO tblJncRosters (playerid, teamid, isactive, jerseynumber)VALUES (2175662,220,1,51);
INSERT INTO tblJncRosters (playerid, teamid, isactive, jerseynumber)VALUES (2176896,220,1,88);
INSERT INTO tblJncRosters (playerid, teamid, isactive, jerseynumber)VALUES (2178130,220,1,36);
INSERT INTO tblJncRosters (playerid, teamid, isactive, jerseynumber)VALUES (2179364,220,1,85);
INSERT INTO tblJncRosters (playerid, teamid, isactive, jerseynumber)VALUES (2180598,220,1,18);
INSERT INTO tblJncRosters (playerid, teamid, isactive, jerseynumber)VALUES (2181832,220,1,62);
INSERT INTO tblJncRosters (playerid, teamid, isactive, jerseynumber)VALUES (2183066,220,1,89);
INSERT INTO tblJncRosters (playerid, teamid, isactive, jerseynumber)VALUES (2184300,220,1,92);
INSERT INTO tblJncRosters (playerid, teamid, isactive, jerseynumber)VALUES (2185534,220,1,95);
INSERT INTO tblJncRosters (playerid, teamid, isactive, jerseynumber)VALUES (2186768,220,1,61);
INSERT INTO tblJncRosters (playerid, teamid, isactive, jerseynumber)VALUES (2188002,220,1,64);
INSERT INTO tblJncRosters (playerid, teamid, isactive, jerseynumber)VALUES (2189236,220,1,16);
INSERT INTO tblJncRosters (playerid, teamid, isactive, jerseynumber)VALUES (2190470,220,1,41);
INSERT INTO tblJncRosters (playerid, teamid, isactive, jerseynumber)VALUES (2191704,220,1,69);
INSERT INTO tblJncRosters (playerid, teamid, isactive, jerseynumber)VALUES (2192938,220,1,51);
INSERT INTO tblJncRosters (playerid, teamid, isactive, jerseynumber)VALUES (2194172,220,1,5);
INSERT INTO tblJncRosters (playerid, teamid, isactive, jerseynumber)VALUES (2195406,220,1,6);
INSERT INTO tblJncRosters (playerid, teamid, isactive, jerseynumber)VALUES (2196640,220,1,56);
INSERT INTO tblJncRosters (playerid, teamid, isactive, jerseynumber)VALUES (2197874,220,1,67);
INSERT INTO tblJncRosters (playerid, teamid, isactive, jerseynumber)VALUES (2199108,220,1,70);
INSERT INTO tblJncRosters (playerid, teamid, isactive, jerseynumber)VALUES (2200342,215,1,38);
INSERT INTO tblJncRosters (playerid, teamid, isactive, jerseynumber)VALUES (2201576,215,1,53);
INSERT INTO tblJncRosters (playerid, teamid, isactive, jerseynumber)VALUES (2202810,215,1,12);
INSERT INTO tblJncRosters (playerid, teamid, isactive, jerseynumber)VALUES (2204044,212,1,99);
INSERT INTO tblJncRosters (playerid, teamid, isactive, jerseynumber)VALUES (2205278,212,1,62);
INSERT INTO tblJncRosters (playerid, teamid, isactive, jerseynumber)VALUES (2206512,212,1,42);
INSERT INTO tblJncRosters (playerid, teamid, isactive, jerseynumber)VALUES (2208980,212,1,57);
INSERT INTO tblJncRosters (playerid, teamid, isactive, jerseynumber)VALUES (2210214,211,1,94);
INSERT INTO tblJncRosters (playerid, teamid, isactive, jerseynumber)VALUES (2211448,211,1,52);
INSERT INTO tblJncRosters (playerid, teamid, isactive, jerseynumber)VALUES (2212682,211,1,88);
INSERT INTO tblJncRosters (playerid, teamid, isactive, jerseynumber)VALUES (2213916,211,1,99);
INSERT INTO tblJncRosters (playerid, teamid, isactive, jerseynumber)VALUES (2215150,211,1,34);
INSERT INTO tblJncRosters (playerid, teamid, isactive, jerseynumber)VALUES (2216384,211,1,59);
INSERT INTO tblJncRosters (playerid, teamid, isactive, jerseynumber)VALUES (2217618,211,1,19);
INSERT INTO tblJncRosters (playerid, teamid, isactive, jerseynumber)VALUES (2218852,211,1,85);
INSERT INTO tblJncRosters (playerid, teamid, isactive, jerseynumber)VALUES (2220086,211,1,87);
INSERT INTO tblJncRosters (playerid, teamid, isactive, jerseynumber)VALUES (2221320,211,1,37);
INSERT INTO tblJncRosters (playerid, teamid, isactive, jerseynumber)VALUES (2222554,211,1,46);
INSERT INTO tblJncRosters (playerid, teamid, isactive, jerseynumber)VALUES (2223788,211,1,65);
INSERT INTO tblJncRosters (playerid, teamid, isactive, jerseynumber)VALUES (2225022,211,1,11);
INSERT INTO tblJncRosters (playerid, teamid, isactive, jerseynumber)VALUES (2226256,211,1,30);
INSERT INTO tblJncRosters (playerid, teamid, isactive, jerseynumber)VALUES (2227490,211,1,10);
INSERT INTO tblJncRosters (playerid, teamid, isactive, jerseynumber)VALUES (2228724,211,1,20);
INSERT INTO tblJncRosters (playerid, teamid, isactive, jerseynumber)VALUES (2229958,211,1,1);
INSERT INTO tblJncRosters (playerid, teamid, isactive, jerseynumber)VALUES (2231192,210,1,88);
INSERT INTO tblJncRosters (playerid, teamid, isactive, jerseynumber)VALUES (2232426,210,1,94);
INSERT INTO tblJncRosters (playerid, teamid, isactive, jerseynumber)VALUES (2233660,210,1,4);
INSERT INTO tblJncRosters (playerid, teamid, isactive, jerseynumber)VALUES (2234894,210,1,58);
INSERT INTO tblJncRosters (playerid, teamid, isactive, jerseynumber)VALUES (2236128,210,1,8);
INSERT INTO tblJncRosters (playerid, teamid, isactive, jerseynumber)VALUES (2237362,210,1,11);
INSERT INTO tblJncRosters (playerid, teamid, isactive, jerseynumber)VALUES (2238596,210,1,48);
INSERT INTO tblJncRosters (playerid, teamid, isactive, jerseynumber)VALUES (2239830,210,1,33);
INSERT INTO tblJncRosters (playerid, teamid, isactive, jerseynumber)VALUES (2241064,214,1,99);
INSERT INTO tblJncRosters (playerid, teamid, isactive, jerseynumber)VALUES (2242298,214,1,74);
INSERT INTO tblJncRosters (playerid, teamid, isactive, jerseynumber)VALUES (2243532,214,1,42);
INSERT INTO tblJncRosters (playerid, teamid, isactive, jerseynumber)VALUES (2244766,214,1,3);
INSERT INTO tblJncRosters (playerid, teamid, isactive, jerseynumber)VALUES (2246000,216,1,67);
INSERT INTO tblJncRosters (playerid, teamid, isactive, jerseynumber)VALUES (2247234,216,1,32);
INSERT INTO tblJncRosters (playerid, teamid, isactive, jerseynumber)VALUES (2248468,216,1,94);
INSERT INTO tblJncRosters (playerid, teamid, isactive, jerseynumber)VALUES (2249702,216,1,26);
INSERT INTO tblJncRosters (playerid, teamid, isactive, jerseynumber)VALUES (2250936,216,1,84);
INSERT INTO tblJncRosters (playerid, teamid, isactive, jerseynumber)VALUES (2252170,223,1,90);
INSERT INTO tblJncRosters (playerid, teamid, isactive, jerseynumber)VALUES (2253404,223,1,16);
INSERT INTO tblJncRosters (playerid, teamid, isactive, jerseynumber)VALUES (2254638,223,1,61);
INSERT INTO tblJncRosters (playerid, teamid, isactive, jerseynumber)VALUES (2255872,223,1,20);
INSERT INTO tblJncRosters (playerid, teamid, isactive, jerseynumber)VALUES (2257106,223,1,4);
INSERT INTO tblJncRosters (playerid, teamid, isactive, jerseynumber)VALUES (2258340,223,1,62);
INSERT INTO tblJncRosters (playerid, teamid, isactive, jerseynumber)VALUES (2259574,223,1,26);
INSERT INTO tblJncRosters (playerid, teamid, isactive, jerseynumber)VALUES (2260808,223,1,42);
INSERT INTO tblJncRosters (playerid, teamid, isactive, jerseynumber)VALUES (2262042,223,1,49);
INSERT INTO tblJncRosters (playerid, teamid, isactive, jerseynumber)VALUES (2263276,223,1,60);
INSERT INTO tblJncRosters (playerid, teamid, isactive, jerseynumber)VALUES (2265744,218,1,43);
INSERT INTO tblJncRosters (playerid, teamid, isactive, jerseynumber)VALUES (2266978,218,1,1);
INSERT INTO tblJncRosters (playerid, teamid, isactive, jerseynumber)VALUES (2268212,218,1,72);
INSERT INTO tblJncRosters (playerid, teamid, isactive, jerseynumber)VALUES (2269446,218,1,66);
INSERT INTO tblJncRosters (playerid, teamid, isactive, jerseynumber)VALUES (2270680,222,1,81);
INSERT INTO tblJncRosters (playerid, teamid, isactive, jerseynumber)VALUES (2271914,222,1,73);
INSERT INTO tblJncRosters (playerid, teamid, isactive, jerseynumber)VALUES (2273148,222,1,93);
INSERT INTO tblJncRosters (playerid, teamid, isactive, jerseynumber)VALUES (2274382,222,1,13);
INSERT INTO tblJncRosters (playerid, teamid, isactive, jerseynumber)VALUES (2275616,222,1,1);
INSERT INTO tblJncRosters (playerid, teamid, isactive, jerseynumber)VALUES (2276850,222,1,82);
INSERT INTO tblJncRosters (playerid, teamid, isactive, jerseynumber)VALUES (2278084,222,1,57);
INSERT INTO tblJncRosters (playerid, teamid, isactive, jerseynumber)VALUES (2279318,222,1,13);
INSERT INTO tblJncRosters (playerid, teamid, isactive, jerseynumber)VALUES (2280552,222,1,60);
INSERT INTO tblJncRosters (playerid, teamid, isactive, jerseynumber)VALUES (2281786,222,1,39);
INSERT INTO tblJncRosters (playerid, teamid, isactive, jerseynumber)VALUES (2283020,222,1,17);
INSERT INTO tblJncRosters (playerid, teamid, isactive, jerseynumber)VALUES (2284254,222,1,31);
INSERT INTO tblJncRosters (playerid, teamid, isactive, jerseynumber)VALUES (2285488,222,1,49);
INSERT INTO tblJncRosters (playerid, teamid, isactive, jerseynumber)VALUES (2286722,215,1,43);
INSERT INTO tblJncRosters (playerid, teamid, isactive, jerseynumber)VALUES (2287956,222,1,11);
INSERT INTO tblJncRosters (playerid, teamid, isactive, jerseynumber)VALUES (2289190,212,1,91);
INSERT INTO tblJncRosters (playerid, teamid, isactive, jerseynumber)VALUES (2290424,216,1,59);
INSERT INTO tblJncRosters (playerid, teamid, isactive, jerseynumber)VALUES (2292892,222,1,20);
INSERT INTO tblJncRosters (playerid, teamid, isactive, jerseynumber)VALUES (2294126,222,1,67);
INSERT INTO tblJncRosters (playerid, teamid, isactive, jerseynumber)VALUES (2295360,222,1,76);
INSERT INTO tblJncRosters (playerid, teamid, isactive, jerseynumber)VALUES (2296594,222,1,93);
INSERT INTO tblJncRosters (playerid, teamid, isactive, jerseynumber)VALUES (2297828,222,1,44);
INSERT INTO tblJncRosters (playerid, teamid, isactive, jerseynumber)VALUES (2299062,222,1,60);
INSERT INTO tblJncRosters (playerid, teamid, isactive, jerseynumber)VALUES (2300296,210,1,77);
INSERT INTO tblJncRosters (playerid, teamid, isactive, jerseynumber)VALUES (2301530,216,1,74);
INSERT INTO tblJncRosters (playerid, teamid, isactive, jerseynumber)VALUES (2302764,216,1,33);
INSERT INTO tblJncRosters (playerid, teamid, isactive, jerseynumber)VALUES (2303998,216,1,54);
INSERT INTO tblJncRosters (playerid, teamid, isactive, jerseynumber)VALUES (2305232,216,1,33);
INSERT INTO tblJncRosters (playerid, teamid, isactive, jerseynumber)VALUES (2306466,216,1,95);
INSERT INTO tblJncRosters (playerid, teamid, isactive, jerseynumber)VALUES (2307700,216,1,62);
INSERT INTO tblJncRosters (playerid, teamid, isactive, jerseynumber)VALUES (2308934,216,1,98);
INSERT INTO tblJncRosters (playerid, teamid, isactive, jerseynumber)VALUES (2310168,216,1,64);
INSERT INTO tblJncRosters (playerid, teamid, isactive, jerseynumber)VALUES (2311402,216,1,17);
INSERT INTO tblJncRosters (playerid, teamid, isactive, jerseynumber)VALUES (2312636,216,1,2);
INSERT INTO tblJncRosters (playerid, teamid, isactive, jerseynumber)VALUES (2313870,216,1,4);
INSERT INTO tblJncRosters (playerid, teamid, isactive, jerseynumber)VALUES (2315104,216,1,2);
INSERT INTO tblJncRosters (playerid, teamid, isactive, jerseynumber)VALUES (2316338,212,1,89);
INSERT INTO tblJncRosters (playerid, teamid, isactive, jerseynumber)VALUES (2317572,215,1,34);
INSERT INTO tblJncRosters (playerid, teamid, isactive, jerseynumber)VALUES (2318806,216,1,25);
INSERT INTO tblJncRosters (playerid, teamid, isactive, jerseynumber)VALUES (2320040,222,1,72);
INSERT INTO tblJncRosters (playerid, teamid, isactive, jerseynumber)VALUES (2321274,212,1,9);
INSERT INTO tblJncRosters (playerid, teamid, isactive, jerseynumber)VALUES (2322508,212,1,27);
INSERT INTO tblJncRosters (playerid, teamid, isactive, jerseynumber)VALUES (2323742,223,1,52);



-- INSERT tblJncTeamsDivs records
Prompt ******  Inserting Teams/Divisions Junction Records table ....
INSERT INTO tblJncTeamsDivs (teamid,divid,clinchedpo) VALUES (215,28,1);
INSERT INTO tblJncTeamsDivs (teamid,divid,clinchedpo) VALUES (223,28,1);
INSERT INTO tblJncTeamsDivs (teamid,divid,clinchedpo) VALUES (214,28,1);
INSERT INTO tblJncTeamsDivs (teamid,divid,clinchedpo) VALUES (212,28,1);
INSERT INTO tblJncTeamsDivs (teamid,divid,clinchedpo) VALUES (221,28,1);
INSERT INTO tblJncTeamsDivs (teamid,divid,clinchedpo) VALUES (218,28,1);
INSERT INTO tblJncTeamsDivs (teamid,divid,clinchedpo) VALUES (210,28,1);
INSERT INTO tblJncTeamsDivs (teamid,divid,clinchedpo) VALUES (216,28,1);
INSERT INTO tblJncTeamsDivs (teamid,divid,clinchedpo) VALUES (211,28,1);
INSERT INTO tblJncTeamsDivs (teamid,divid,clinchedpo) VALUES (220,28,1);
INSERT INTO tblJncTeamsDivs (teamid,divid,clinchedpo) VALUES (225,28,1);
INSERT INTO tblJncTeamsDivs (teamid,divid,clinchedpo) VALUES (222,28,1);
INSERT INTO tblJncTeamsDivs (teamid,divid,clinchedpo) VALUES (212,31,1);
INSERT INTO tblJncTeamsDivs (teamid,divid,clinchedpo) VALUES (222,31,1);
INSERT INTO tblJncTeamsDivs (teamid,divid,clinchedpo) VALUES (223,31,1);
INSERT INTO tblJncTeamsDivs (teamid,divid,clinchedpo) VALUES (211,31,1);
INSERT INTO tblJncTeamsDivs (teamid,divid,clinchedpo) VALUES (216,31,1);
INSERT INTO tblJncTeamsDivs (teamid,divid,clinchedpo) VALUES (210,31,1);
INSERT INTO tblJncTeamsDivs (teamid,divid,clinchedpo) VALUES (218,31,1);
INSERT INTO tblJncTeamsDivs (teamid,divid,clinchedpo) VALUES (220,31,1);
INSERT INTO tblJncTeamsDivs (teamid,divid,clinchedpo) VALUES (214,31,1);
INSERT INTO tblJncTeamsDivs (teamid,divid,clinchedpo) VALUES (215,31,1);
COMMIT;


Prompt ******  END OF CREATION SCRIPT ....



